<?xml version = '1.0' encoding = 'UTF-8'?>
<UserOraclev10g class="oracle.dbtools.crest.model.design.storage.oracle.v10g.UserOraclev10g" name="ERX" directorySegmentName="seg_0" id="D35D5078-4566-561F-0D9A-259A55052602">
<sourceConnName>erd3_erx_19c</sourceConnName>
<sourceObjName>ERX</sourceObjName>
<createdBy>VHAHAMWandlJ</createdBy>
<createdTime>2021-02-17 21:05:41 UTC</createdTime>
<ownerDesignName>eRx Database Model v4</ownerDesignName>
<schemaObject>B30EB6F8-3729-5C21-2C5D-963BAA817587</schemaObject>
</UserOraclev10g>