<?xml version = '1.0' encoding = 'UTF-8'?>
<TriggerOraclev10g class="oracle.dbtools.crest.model.design.storage.oracle.v10g.TriggerOraclev10g" name="PHARMACY_TRG" directorySegmentName="seg_0" id="296911A7-CFDB-189F-7784-E4B3D6BD2530">
<sourceConnName>erd3_erx_19c</sourceConnName>
<sourceObjSchema>ERX</sourceObjSchema>
<sourceObjName>PHARMACY_TRG</sourceObjName>
<createdBy>VHAHAMWandlJ</createdBy>
<createdTime>2021-02-17 21:05:51 UTC</createdTime>
<ownerDesignName>eRx Database Model v4</ownerDesignName>
<actions>INSERT, UPDATE</actions>
<body><![CDATA[BEGIN 
IF UPDATING THEN
  :NEW.UPDATED_DATE := SYSDATE;
ELSE
  :NEW.CREATED_DATE := SYSDATE;
   IF :NEW.PHARMACY_ID IS NULL THEN
   :NEW.PHARMACY_ID := PHARMACY_ID_SEQ.NEXTVAL;
   END IF;
END IF;
END;
]]></body>
<triggerTime>BEFORE</triggerTime>
<owner>D35D5078-4566-561F-0D9A-259A55052602</owner>
<table>2C15DBC2-E918-C75D-E2EF-BB752248C680</table>
</TriggerOraclev10g>