<?xml version = '1.0' encoding = 'UTF-8'?>
<TriggerOraclev10g class="oracle.dbtools.crest.model.design.storage.oracle.v10g.TriggerOraclev10g" name="VA_USER_TRG" directorySegmentName="seg_0" id="65031A43-DFBE-2870-180D-B4A8BC70AD15">
<sourceConnName>erd3_erx_19c</sourceConnName>
<sourceObjSchema>ERX</sourceObjSchema>
<sourceObjName>VA_USER_TRG</sourceObjName>
<createdBy>VHAHAMWandlJ</createdBy>
<createdTime>2021-02-17 21:05:51 UTC</createdTime>
<ownerDesignName>eRx Database Model v4</ownerDesignName>
<actions>INSERT, UPDATE</actions>
<body><![CDATA[BEGIN 
IF UPDATING THEN
  :NEW.UPDATED_DATE := SYSDATE;
ELSE
  :NEW.CREATED_DATE := SYSDATE;
  IF :NEW.USERS_ID IS NULL THEN
  :NEW.USERS_ID := USERS_ID_SEQ.NEXTVAL;
  END IF;
END IF;
END;
]]></body>
<triggerTime>BEFORE</triggerTime>
<owner>D35D5078-4566-561F-0D9A-259A55052602</owner>
<table>285F5189-04D6-FA54-1D2E-080E59A595AC</table>
</TriggerOraclev10g>