<?xml version = '1.0' encoding = 'UTF-8'?>
<TriggerOraclev10g class="oracle.dbtools.crest.model.design.storage.oracle.v10g.TriggerOraclev10g" name="IB_NCPDP_MSG_TRG" directorySegmentName="seg_0" id="75258803-69D7-C636-647F-E09A6D81513D">
<sourceConnName>erd3_erx_19c</sourceConnName>
<sourceObjSchema>ERX</sourceObjSchema>
<sourceObjName>IB_NCPDP_MSG_TRG</sourceObjName>
<createdBy>VHAHAMWandlJ</createdBy>
<createdTime>2021-02-17 21:05:51 UTC</createdTime>
<ownerDesignName>eRx Database Model v4</ownerDesignName>
<actions>INSERT, UPDATE</actions>
<body><![CDATA[DECLARE
    xml_status NUMBER;
BEGIN
IF UPDATING THEN
  :NEW.UPDATED_DATE := SYSDATE;
ELSE
  	IF :NEW.CREATED_DATE IS NULL THEN
		:NEW.CREATED_DATE := SYSDATE;
	END IF;
   IF :NEW.INBOUND_NCPDP_MSG_ID IS NULL THEN
    :NEW.INBOUND_NCPDP_MSG_ID := IB_NCPDP_MSG_ID_SEQ.NEXTVAL;
   END IF;
END IF;
END;]]></body>
<triggerTime>BEFORE</triggerTime>
<owner>D35D5078-4566-561F-0D9A-259A55052602</owner>
<table>437A0196-1944-77DD-F03B-AB8CCD12D000</table>
</TriggerOraclev10g>