<?xml version = '1.0' encoding = 'UTF-8'?>
<TriggerOraclev10g class="oracle.dbtools.crest.model.design.storage.oracle.v10g.TriggerOraclev10g" name="ERX_STATUS_TRG" directorySegmentName="seg_0" id="81F0492D-FBD9-6499-768F-51F8841EB500">
<sourceConnName>erd3_erx_19c</sourceConnName>
<sourceObjSchema>ERX</sourceObjSchema>
<sourceObjName>ERX_STATUS_TRG</sourceObjName>
<createdBy>VHAHAMWandlJ</createdBy>
<createdTime>2021-02-17 21:05:51 UTC</createdTime>
<ownerDesignName>eRx Database Model v4</ownerDesignName>
<actions>INSERT, UPDATE</actions>
<body><![CDATA[BEGIN 
IF UPDATING THEN
  :NEW.UPDATED_DATE := SYSDATE;
ELSE
  :NEW.CREATED_DATE := SYSDATE;
END IF;
END;
]]></body>
<triggerTime>BEFORE</triggerTime>
<owner>D35D5078-4566-561F-0D9A-259A55052602</owner>
<table>5631E1AD-7690-24E8-19EE-24FBC7E67244</table>
</TriggerOraclev10g>