<?xml version = '1.0' encoding = 'UTF-8'?>
<TriggerOraclev10g class="oracle.dbtools.crest.model.design.storage.oracle.v10g.TriggerOraclev10g" name="APP_CONFIGURATION_TRG" directorySegmentName="seg_0" id="9AE3F5EE-8979-D212-5080-E76FF957D4A2">
<sourceConnName>erd3_erx_19c</sourceConnName>
<sourceObjSchema>ERX</sourceObjSchema>
<sourceObjName>APP_CONFIGURATION_TRG</sourceObjName>
<createdBy>VHAHAMWandlJ</createdBy>
<createdTime>2021-02-17 21:05:51 UTC</createdTime>
<ownerDesignName>eRx Database Model v4</ownerDesignName>
<actions>INSERT, UPDATE</actions>
<body><![CDATA[BEGIN 
IF UPDATING THEN
  :NEW.UPDATED_DATE := SYSDATE;
ELSE
  :NEW.CREATED_DATE := SYSDATE;
END IF;
END;
]]></body>
<triggerTime>BEFORE</triggerTime>
<owner>D35D5078-4566-561F-0D9A-259A55052602</owner>
<table>1259F7C1-B02B-BE6E-B209-BF677C119070</table>
</TriggerOraclev10g>