<?xml version = '1.0' encoding = 'UTF-8'?>
<TriggerOraclev10g class="oracle.dbtools.crest.model.design.storage.oracle.v10g.TriggerOraclev10g" name="OB_NCPDP_MSG_TRG" directorySegmentName="seg_0" id="AA9BEC8D-E589-33E4-80DC-6E20C880B39F">
<sourceConnName>erd3_erx_19c</sourceConnName>
<sourceObjSchema>ERX</sourceObjSchema>
<sourceObjName>OB_NCPDP_MSG_TRG</sourceObjName>
<createdBy>VHAHAMWandlJ</createdBy>
<createdTime>2021-02-17 21:05:51 UTC</createdTime>
<ownerDesignName>eRx Database Model v4</ownerDesignName>
<actions>INSERT, UPDATE</actions>
<body><![CDATA[BEGIN
IF UPDATING THEN
  :NEW.UPDATED_DATE := SYSDATE;
ELSE
	IF :NEW.CREATED_DATE IS NULL THEN
		:NEW.CREATED_DATE := SYSDATE;
	END IF;
	IF :NEW.OUTBOUND_NCPDP_MSG_ID IS NULL THEN
		:NEW.OUTBOUND_NCPDP_MSG_ID := OB_NCPDP_MSG_ID_SEQ.NEXTVAL;
	END IF;
END IF;
END;]]></body>
<triggerTime>BEFORE</triggerTime>
<owner>D35D5078-4566-561F-0D9A-259A55052602</owner>
<table>263238A7-C0B3-24D4-8F5E-8506BB71293E</table>
</TriggerOraclev10g>