<?xml version = '1.0' encoding = 'UTF-8'?>
<relationalModel class="oracle.dbtools.crest.model.design.relational.RelationalDesign" name="Relational_1" id="35C4F06A-E652-35B1-FF7A-770446265BE0" mainViewID="E6884D3F-FA10-D380-E567-A9B608486FAC">
<createdBy>VHAHAMWandlJ</createdBy>
<createdTime>2021-02-17 20:57:42 UTC</createdTime>
<ownerDesignName>eRx Database Model v4</ownerDesignName>
<shouldBeOpen>false</shouldBeOpen>
<selectedRDBMSSite>79C73AAF-E1A7-E669-7DF0-025EE81A2AFC</selectedRDBMSSite>
<importConnectionStamps>
<importConnectionStamp class="oracle.dbtools.crest.imports.DBConnectionStamp">
<connName>erd3_erx_19c</connName>
<connUser>erx</connUser>
<connType>1</connType>
</importConnectionStamp>
</importConnectionStamps>
</relationalModel>