<?xml version = '1.0' encoding = 'UTF-8'?>
<TableProxyOraclev12c class="oracle.dbtools.crest.model.design.storage.oracle.v12c.TableProxyOraclev12c" name="APP_CONFIGURATION" directorySegmentName="seg_0" id="1259F7C1-B02B-BE6E-B209-BF677C119070">
<createdBy>VHAHAMWandlJ</createdBy>
<createdTime>2021-02-17 21:05:43 UTC</createdTime>
<ownerDesignName>eRx Database Model v4</ownerDesignName>
<schemaObject>B30EB6F8-3729-5C21-2C5D-963BAA817587</schemaObject>
<logging>YES</logging>
<partitionedRowMovement>DISABLE</partitionedRowMovement>
<segment>1A5CB2C4-98DA-C241-1D49-987AC04A3EF8</segment>
<tableSpace>C9734413-832D-EC42-5E2B-FCB55AC5F3A3</tableSpace>
<temporaryChanged>false</temporaryChanged>
<accessDriverType>oracle_loader</accessDriverType>
<rejectLimit></rejectLimit>
<inMemory>NO</inMemory>
<columnProxies itemClass="oracle.dbtools.crest.model.design.storage.oracle.v12c.ColumnProxyOraclev12c">
<ColumnProxy name="UPDATED_DATE" id="0387F0F2-B54A-51C9-B798-EFCA43B67E17">
<createdBy>VHAHAMWandlJ</createdBy>
<createdTime>2021-02-17 21:05:44 UTC</createdTime>
<ownerDesignName>eRx Database Model v4</ownerDesignName>
</ColumnProxy>
<ColumnProxy name="CREATED_DATE" id="A982EF29-E09E-7EDB-7BEE-917DECB46BA9">
<createdBy>VHAHAMWandlJ</createdBy>
<createdTime>2021-02-17 21:05:44 UTC</createdTime>
<ownerDesignName>eRx Database Model v4</ownerDesignName>
</ColumnProxy>
<ColumnProxy name="VALUE" id="EB5E2A80-5A7D-FCC8-0F9C-7CAFE79075A8">
<createdBy>VHAHAMWandlJ</createdBy>
<createdTime>2021-02-17 21:05:44 UTC</createdTime>
<ownerDesignName>eRx Database Model v4</ownerDesignName>
</ColumnProxy>
<ColumnProxy name="KEY" id="F3253993-72DA-E14F-CD77-DE1D218F1192">
<createdBy>VHAHAMWandlJ</createdBy>
<createdTime>2021-02-17 21:05:44 UTC</createdTime>
<ownerDesignName>eRx Database Model v4</ownerDesignName>
</ColumnProxy>
</columnProxies>
<indexProxies>
<IndexProxy class="oracle.dbtools.crest.model.design.storage.oracle.v10g.IndexProxyOraclev10g" name="APP_CONFIGURATION_PK" id="34FE5569-2405-208E-D1B2-6E08E649A4C4">
<createdBy>VHAHAMWandlJ</createdBy>
<createdTime>2021-02-17 21:05:48 UTC</createdTime>
<ownerDesignName>eRx Database Model v4</ownerDesignName>
<schemaObject>B30EB6F8-3729-5C21-2C5D-963BAA817587</schemaObject>
<segment>82C8CA70-1248-AF88-7947-8CA07A545C8F</segment>
<tableSpace>702948CF-09F4-E358-C9E1-D9446C465CB1</tableSpace>
</IndexProxy>
</indexProxies>
<primaryKeys>
<PrimaryKey class="oracle.dbtools.crest.model.design.storage.oracle.v10g.PKProxyOraclev10g" name="APP_CONFIGURATION_PK" id="9B5594EE-DF15-276A-C73B-14849EFCA0D1">
<createdBy>VHAHAMWandlJ</createdBy>
<createdTime>2021-02-17 21:05:49 UTC</createdTime>
<ownerDesignName>eRx Database Model v4</ownerDesignName>
<segment>82C8CA70-1248-AF88-7947-8CA07A545C8F</segment>
<tableSpace>702948CF-09F4-E358-C9E1-D9446C465CB1</tableSpace>
<existingIndex>34FE5569-2405-208E-D1B2-6E08E649A4C4</existingIndex>
<indexSegment>82C8CA70-1248-AF88-7947-8CA07A545C8F</indexSegment>
<indexSort>SORTED</indexSort>
<usingIndex>BY INDEX NAME</usingIndex>
</PrimaryKey>
</primaryKeys>
</TableProxyOraclev12c>