<?xml version = '1.0' encoding = 'UTF-8'?>
<TableProxyOraclev12c class="oracle.dbtools.crest.model.design.storage.oracle.v12c.TableProxyOraclev12c" name="LOINC_CODE" directorySegmentName="seg_0" id="14B64BBA-4A2B-FF3E-C2EC-D7D41222CD99">
<createdBy>VHAHAMWandlJ</createdBy>
<createdTime>2021-02-17 21:05:43 UTC</createdTime>
<ownerDesignName>eRx Database Model v4</ownerDesignName>
<schemaObject>B30EB6F8-3729-5C21-2C5D-963BAA817587</schemaObject>
<logging>YES</logging>
<partitionedRowMovement>DISABLE</partitionedRowMovement>
<segment>1A5CB2C4-98DA-C241-1D49-987AC04A3EF8</segment>
<tableSpace>C9734413-832D-EC42-5E2B-FCB55AC5F3A3</tableSpace>
<temporaryChanged>false</temporaryChanged>
<accessDriverType>oracle_loader</accessDriverType>
<rejectLimit></rejectLimit>
<inMemory>NO</inMemory>
<columnProxies itemClass="oracle.dbtools.crest.model.design.storage.oracle.v12c.ColumnProxyOraclev12c">
<ColumnProxy name="EXAMPLE_UCUM_UNITS" id="040E4257-80F3-F6E9-D953-4B61F7F9829C">
<createdBy>VHAHAMWandlJ</createdBy>
<createdTime>2021-02-17 21:05:44 UTC</createdTime>
<ownerDesignName>eRx Database Model v4</ownerDesignName>
</ColumnProxy>
<ColumnProxy name="RELATEDNAMES2" id="04F8217D-7549-CCEA-BD8A-283CC900771A">
<createdBy>VHAHAMWandlJ</createdBy>
<createdTime>2021-02-17 21:05:44 UTC</createdTime>
<ownerDesignName>eRx Database Model v4</ownerDesignName>
</ColumnProxy>
<ColumnProxy name="CDISC_COMMON_TESTS" id="143706DE-326F-E273-302F-EC42BC92E764">
<createdBy>VHAHAMWandlJ</createdBy>
<createdTime>2021-02-17 21:05:44 UTC</createdTime>
<ownerDesignName>eRx Database Model v4</ownerDesignName>
</ColumnProxy>
<ColumnProxy name="FORMULA" id="2064739E-B11E-8E47-A569-0CE2B3B157B2">
<createdBy>VHAHAMWandlJ</createdBy>
<createdTime>2021-02-17 21:05:44 UTC</createdTime>
<ownerDesignName>eRx Database Model v4</ownerDesignName>
</ColumnProxy>
<ColumnProxy name="EXMPL_ANSWERS" id="337B0E85-150D-5916-5508-F4986D301640">
<createdBy>VHAHAMWandlJ</createdBy>
<createdTime>2021-02-17 21:05:44 UTC</createdTime>
<ownerDesignName>eRx Database Model v4</ownerDesignName>
</ColumnProxy>
<ColumnProxy name="SHORTNAME" id="3B69C93E-075A-AFF0-2B04-636DDCF9EEDC">
<createdBy>VHAHAMWandlJ</createdBy>
<createdTime>2021-02-17 21:05:44 UTC</createdTime>
<ownerDesignName>eRx Database Model v4</ownerDesignName>
</ColumnProxy>
<ColumnProxy name="CHANGE_REASON_PUBLIC" id="3E309E69-EBE3-8BD0-FFDB-68CC63D6D7E5">
<createdBy>VHAHAMWandlJ</createdBy>
<createdTime>2021-02-17 21:05:44 UTC</createdTime>
<ownerDesignName>eRx Database Model v4</ownerDesignName>
</ColumnProxy>
<ColumnProxy name="VERSIONLASTCHANGED" id="3F5F2671-2344-7E23-56B1-33667BAC8F66">
<createdBy>VHAHAMWandlJ</createdBy>
<createdTime>2021-02-17 21:05:44 UTC</createdTime>
<ownerDesignName>eRx Database Model v4</ownerDesignName>
</ColumnProxy>
<ColumnProxy name="ASSOCIATEDOBSERVATIONS" id="4AFC3B43-2C32-816C-52A8-0111F54EE28E">
<createdBy>VHAHAMWandlJ</createdBy>
<createdTime>2021-02-17 21:05:44 UTC</createdTime>
<ownerDesignName>eRx Database Model v4</ownerDesignName>
</ColumnProxy>
<ColumnProxy name="COMMON_ORDER_RANK" id="4ED078C6-17A6-2B8E-257B-AC6B662C8709">
<createdBy>VHAHAMWandlJ</createdBy>
<createdTime>2021-02-17 21:05:44 UTC</createdTime>
<ownerDesignName>eRx Database Model v4</ownerDesignName>
</ColumnProxy>
<ColumnProxy name="CLASS" id="4F1762CA-7620-AFCA-B743-E449F86AA26B">
<createdBy>VHAHAMWandlJ</createdBy>
<createdTime>2021-02-17 21:05:44 UTC</createdTime>
<ownerDesignName>eRx Database Model v4</ownerDesignName>
</ColumnProxy>
<ColumnProxy name="UNITSANDRANGE" id="523F5468-5B0A-8DF0-A62A-2FE770D04BE8">
<createdBy>VHAHAMWandlJ</createdBy>
<createdTime>2021-02-17 21:05:44 UTC</createdTime>
<ownerDesignName>eRx Database Model v4</ownerDesignName>
</ColumnProxy>
<ColumnProxy name="COMMON_TEST_RANK" id="5640184B-1DE3-C301-F914-0D8F0B070717">
<createdBy>VHAHAMWandlJ</createdBy>
<createdTime>2021-02-17 21:05:44 UTC</createdTime>
<ownerDesignName>eRx Database Model v4</ownerDesignName>
</ColumnProxy>
<ColumnProxy name="SYSTEM" id="6497FBEC-764F-179E-B33C-8DB557830903">
<createdBy>VHAHAMWandlJ</createdBy>
<createdTime>2021-02-17 21:05:44 UTC</createdTime>
<ownerDesignName>eRx Database Model v4</ownerDesignName>
</ColumnProxy>
<ColumnProxy name="SCALE_TYP" id="67988464-5394-7A6F-969A-7FAAC0772480">
<createdBy>VHAHAMWandlJ</createdBy>
<createdTime>2021-02-17 21:05:44 UTC</createdTime>
<ownerDesignName>eRx Database Model v4</ownerDesignName>
</ColumnProxy>
<ColumnProxy name="CLASSTYPE" id="6AC8B8EA-851B-B1DC-0A7C-73D16736E74A">
<createdBy>VHAHAMWandlJ</createdBy>
<createdTime>2021-02-17 21:05:44 UTC</createdTime>
<ownerDesignName>eRx Database Model v4</ownerDesignName>
</ColumnProxy>
<ColumnProxy name="HL7_ATTACHMENT_STRUCTURE" id="6BBDCAA1-D67C-4E39-7F09-47326A5F2FC8">
<createdBy>VHAHAMWandlJ</createdBy>
<createdTime>2021-02-17 21:05:44 UTC</createdTime>
<ownerDesignName>eRx Database Model v4</ownerDesignName>
</ColumnProxy>
<ColumnProxy name="EXAMPLE_UNITS" id="727F3FED-AADA-D754-0B2C-F451EE1CDF99">
<createdBy>VHAHAMWandlJ</createdBy>
<createdTime>2021-02-17 21:05:44 UTC</createdTime>
<ownerDesignName>eRx Database Model v4</ownerDesignName>
</ColumnProxy>
<ColumnProxy name="SUBMITTED_UNITS" id="72E7B7AB-AC8B-A49F-6102-C3F37708593A">
<createdBy>VHAHAMWandlJ</createdBy>
<createdTime>2021-02-17 21:05:44 UTC</createdTime>
<ownerDesignName>eRx Database Model v4</ownerDesignName>
</ColumnProxy>
<ColumnProxy name="COMPONENT" id="87CDC034-8B7C-4F61-1409-A6BC6C859EBC">
<createdBy>VHAHAMWandlJ</createdBy>
<createdTime>2021-02-17 21:05:44 UTC</createdTime>
<ownerDesignName>eRx Database Model v4</ownerDesignName>
</ColumnProxy>
<ColumnProxy name="LONG_COMMON_NAME" id="8E4ACFCB-0D42-ECCF-B3AE-7C34B48303FE">
<createdBy>VHAHAMWandlJ</createdBy>
<createdTime>2021-02-17 21:05:44 UTC</createdTime>
<ownerDesignName>eRx Database Model v4</ownerDesignName>
</ColumnProxy>
<ColumnProxy name="VERSIONFIRSTRELEASED" id="99E65030-1423-6426-1AFA-FDE007C39E8C">
<createdBy>VHAHAMWandlJ</createdBy>
<createdTime>2021-02-17 21:05:44 UTC</createdTime>
<ownerDesignName>eRx Database Model v4</ownerDesignName>
</ColumnProxy>
<ColumnProxy name="EXTERNAL_COPYRIGHT_NOTICE" id="A10CE4F1-9CDF-CDED-1995-4516EF747A28">
<createdBy>VHAHAMWandlJ</createdBy>
<createdTime>2021-02-17 21:05:44 UTC</createdTime>
<ownerDesignName>eRx Database Model v4</ownerDesignName>
</ColumnProxy>
<ColumnProxy name="HL7_FIELD_SUBFIELD_ID" id="A1F912D7-CB0B-C71B-F5DA-49A9163D554E">
<createdBy>VHAHAMWandlJ</createdBy>
<createdTime>2021-02-17 21:05:44 UTC</createdTime>
<ownerDesignName>eRx Database Model v4</ownerDesignName>
</ColumnProxy>
<ColumnProxy name="EXTERNAL_COPYRIGHT_LINK" id="A3A4E91D-1C68-A75C-8657-E996B550FF9E">
<createdBy>VHAHAMWandlJ</createdBy>
<createdTime>2021-02-17 21:05:44 UTC</createdTime>
<ownerDesignName>eRx Database Model v4</ownerDesignName>
</ColumnProxy>
<ColumnProxy name="UNITSREQUIRED" id="A4C368C9-BB39-21F0-FD07-EBF7239FD312">
<createdBy>VHAHAMWandlJ</createdBy>
<createdTime>2021-02-17 21:05:44 UTC</createdTime>
<ownerDesignName>eRx Database Model v4</ownerDesignName>
</ColumnProxy>
<ColumnProxy name="ORDER_OBS" id="A6CAC31F-F7AE-3927-D20C-C3764D850607">
<createdBy>VHAHAMWandlJ</createdBy>
<createdTime>2021-02-17 21:05:44 UTC</createdTime>
<ownerDesignName>eRx Database Model v4</ownerDesignName>
</ColumnProxy>
<ColumnProxy name="VALIDHL7ATTACHMENTREQUEST" id="B2A091C1-59A7-BAF9-E1BC-989377033ADD">
<createdBy>VHAHAMWandlJ</createdBy>
<createdTime>2021-02-17 21:05:44 UTC</createdTime>
<ownerDesignName>eRx Database Model v4</ownerDesignName>
</ColumnProxy>
<ColumnProxy name="STATUS_TEXT" id="BBA2FEEC-1135-031C-816A-A196152594A3">
<createdBy>VHAHAMWandlJ</createdBy>
<createdTime>2021-02-17 21:05:44 UTC</createdTime>
<ownerDesignName>eRx Database Model v4</ownerDesignName>
</ColumnProxy>
<ColumnProxy name="STATUS_REASON" id="BCFE7659-65C1-0FED-A84A-D0FC0710B4AA">
<createdBy>VHAHAMWandlJ</createdBy>
<createdTime>2021-02-17 21:05:44 UTC</createdTime>
<ownerDesignName>eRx Database Model v4</ownerDesignName>
</ColumnProxy>
<ColumnProxy name="PANELTYPE" id="BF50196C-80E5-B9D6-C155-4B8CBCF21705">
<createdBy>VHAHAMWandlJ</createdBy>
<createdTime>2021-02-17 21:05:44 UTC</createdTime>
<ownerDesignName>eRx Database Model v4</ownerDesignName>
</ColumnProxy>
<ColumnProxy name="CONSUMER_NAME" id="C2801860-9AC4-A13F-02D4-51BA589080D4">
<createdBy>VHAHAMWandlJ</createdBy>
<createdTime>2021-02-17 21:05:44 UTC</createdTime>
<ownerDesignName>eRx Database Model v4</ownerDesignName>
</ColumnProxy>
<ColumnProxy name="LOINC_NUM" id="C40BD3F6-5BE9-0E09-C6BA-C61DE97FB767">
<createdBy>VHAHAMWandlJ</createdBy>
<createdTime>2021-02-17 21:05:44 UTC</createdTime>
<ownerDesignName>eRx Database Model v4</ownerDesignName>
</ColumnProxy>
<ColumnProxy name="SURVEY_QUEST_TEXT" id="C679D2F6-2ABC-BF73-FC92-A19114E8720B">
<createdBy>VHAHAMWandlJ</createdBy>
<createdTime>2021-02-17 21:05:44 UTC</createdTime>
<ownerDesignName>eRx Database Model v4</ownerDesignName>
</ColumnProxy>
<ColumnProxy name="COMMON_SI_TEST_RANK" id="C87E3894-9BBF-5801-5EC2-94FA04873BA9">
<createdBy>VHAHAMWandlJ</createdBy>
<createdTime>2021-02-17 21:05:44 UTC</createdTime>
<ownerDesignName>eRx Database Model v4</ownerDesignName>
</ColumnProxy>
<ColumnProxy name="CHNG_TYPE" id="CA0206B8-50F1-99BB-3620-F8AE2A5806EB">
<createdBy>VHAHAMWandlJ</createdBy>
<createdTime>2021-02-17 21:05:44 UTC</createdTime>
<ownerDesignName>eRx Database Model v4</ownerDesignName>
</ColumnProxy>
<ColumnProxy name="STATUS" id="D0890484-EC06-2874-B3EA-8A214AC032BC">
<createdBy>VHAHAMWandlJ</createdBy>
<createdTime>2021-02-17 21:05:44 UTC</createdTime>
<ownerDesignName>eRx Database Model v4</ownerDesignName>
</ColumnProxy>
<ColumnProxy name="SPECIES" id="D603DC00-6FFC-C41D-E359-6CF19E117B48">
<createdBy>VHAHAMWandlJ</createdBy>
<createdTime>2021-02-17 21:05:44 UTC</createdTime>
<ownerDesignName>eRx Database Model v4</ownerDesignName>
</ColumnProxy>
<ColumnProxy name="DEFINITIONDESCRIPTION" id="D8FF6D6B-9424-6E71-2ED3-DE627A14424A">
<createdBy>VHAHAMWandlJ</createdBy>
<createdTime>2021-02-17 21:05:44 UTC</createdTime>
<ownerDesignName>eRx Database Model v4</ownerDesignName>
</ColumnProxy>
<ColumnProxy name="TIME_ASPCT" id="DCA4660F-CB59-FC66-1F85-726170C87EC8">
<createdBy>VHAHAMWandlJ</createdBy>
<createdTime>2021-02-17 21:05:44 UTC</createdTime>
<ownerDesignName>eRx Database Model v4</ownerDesignName>
</ColumnProxy>
<ColumnProxy name="SURVEY_QUEST_SRC" id="DDD3715E-4E0D-7209-226F-63288E5901F5">
<createdBy>VHAHAMWandlJ</createdBy>
<createdTime>2021-02-17 21:05:44 UTC</createdTime>
<ownerDesignName>eRx Database Model v4</ownerDesignName>
</ColumnProxy>
<ColumnProxy name="PROPERTY" id="DFFA8BA1-73B5-2B67-1137-053DE581DCFF">
<createdBy>VHAHAMWandlJ</createdBy>
<createdTime>2021-02-17 21:05:44 UTC</createdTime>
<ownerDesignName>eRx Database Model v4</ownerDesignName>
</ColumnProxy>
<ColumnProxy name="ASKATORDERENTRY" id="F36473D2-8B46-6800-CB8D-0629355B2099">
<createdBy>VHAHAMWandlJ</createdBy>
<createdTime>2021-02-17 21:05:44 UTC</createdTime>
<ownerDesignName>eRx Database Model v4</ownerDesignName>
</ColumnProxy>
<ColumnProxy name="METHOD_TYP" id="FE7BFEE9-61B9-D420-D8DC-EC2688AEE972">
<createdBy>VHAHAMWandlJ</createdBy>
<createdTime>2021-02-17 21:05:44 UTC</createdTime>
<ownerDesignName>eRx Database Model v4</ownerDesignName>
</ColumnProxy>
<ColumnProxy name="EXAMPLE_SI_UCUM_UNITS" id="FED71364-DB10-0BB6-4722-50E27E5C84C0">
<createdBy>VHAHAMWandlJ</createdBy>
<createdTime>2021-02-17 21:05:44 UTC</createdTime>
<ownerDesignName>eRx Database Model v4</ownerDesignName>
</ColumnProxy>
</columnProxies>
<lobStorages>
<LobStorage class="oracle.dbtools.crest.model.design.storage.oracle.v11g.LobStorageOraclev11g" name="SYS_LOB0000064233C00011$$" id="F9C12D12-7F5C-7AEB-1AFB-9D43D10BA0EA">
<createdBy>VHAHAMWandlJ</createdBy>
<createdTime>2021-02-17 21:06:40 UTC</createdTime>
<ownerDesignName>eRx Database Model v4</ownerDesignName>
<cache>NOCACHE</cache>
<chunk>8192</chunk>
<column>DEFINITIONDESCRIPTION</column>
<compression>NO</compression>
<duplication>KEEP_DUPLICATES</duplication>
<logging>YES</logging>
<tableSpace>C9734413-832D-EC42-5E2B-FCB55AC5F3A3</tableSpace>
<lobStorageType>SECUREFILE</lobStorageType>
</LobStorage>
<LobStorage class="oracle.dbtools.crest.model.design.storage.oracle.v11g.LobStorageOraclev11g" name="SYS_LOB0000064233C00017$$" id="FFEAA374-D97E-041F-83D2-5766C2448387">
<createdBy>VHAHAMWandlJ</createdBy>
<createdTime>2021-02-17 21:06:40 UTC</createdTime>
<ownerDesignName>eRx Database Model v4</ownerDesignName>
<cache>NOCACHE</cache>
<chunk>8192</chunk>
<column>EXMPL_ANSWERS</column>
<compression>NO</compression>
<duplication>KEEP_DUPLICATES</duplication>
<logging>YES</logging>
<tableSpace>C9734413-832D-EC42-5E2B-FCB55AC5F3A3</tableSpace>
<lobStorageType>SECUREFILE</lobStorageType>
</LobStorage>
</lobStorages>
</TableProxyOraclev12c>