<?xml version = '1.0' encoding = 'UTF-8'?>
<TableProxyOraclev12c class="oracle.dbtools.crest.model.design.storage.oracle.v12c.TableProxyOraclev12c" name="VA_USER" directorySegmentName="seg_0" id="285F5189-04D6-FA54-1D2E-080E59A595AC">
<createdBy>VHAHAMWandlJ</createdBy>
<createdTime>2021-02-17 21:05:43 UTC</createdTime>
<ownerDesignName>eRx Database Model v4</ownerDesignName>
<schemaObject>B30EB6F8-3729-5C21-2C5D-963BAA817587</schemaObject>
<logging>YES</logging>
<partitionedRowMovement>DISABLE</partitionedRowMovement>
<segment>1A5CB2C4-98DA-C241-1D49-987AC04A3EF8</segment>
<tableSpace>C9734413-832D-EC42-5E2B-FCB55AC5F3A3</tableSpace>
<temporaryChanged>false</temporaryChanged>
<accessDriverType>oracle_loader</accessDriverType>
<rejectLimit></rejectLimit>
<inMemory>NO</inMemory>
<columnProxies itemClass="oracle.dbtools.crest.model.design.storage.oracle.v12c.ColumnProxyOraclev12c">
<ColumnProxy name="IS_ENABLED" id="0050B2D2-6A46-9A09-620F-2D9D0ED7AF5F">
<createdBy>VHAHAMWandlJ</createdBy>
<createdTime>2021-02-17 21:05:44 UTC</createdTime>
<ownerDesignName>eRx Database Model v4</ownerDesignName>
<defaultValue>&apos;Y&apos;</defaultValue>
</ColumnProxy>
<ColumnProxy name="IS_PHARM_USER" id="1D898C5D-8647-EFF9-9EFD-CC5A409690D3">
<createdBy>VHAHAMWandlJ</createdBy>
<createdTime>2021-02-17 21:05:44 UTC</createdTime>
<ownerDesignName>eRx Database Model v4</ownerDesignName>
<defaultValue>&apos;N&apos;</defaultValue>
</ColumnProxy>
<ColumnProxy name="CREATED_BY" id="2A2FAFA8-D439-EFDF-4B3A-7599E56821AA">
<createdBy>VHAHAMWandlJ</createdBy>
<createdTime>2021-02-17 21:05:44 UTC</createdTime>
<ownerDesignName>eRx Database Model v4</ownerDesignName>
</ColumnProxy>
<ColumnProxy name="VA_USERID" id="2F07A48E-E89E-6CC8-1197-A87C0C55178C">
<createdBy>VHAHAMWandlJ</createdBy>
<createdTime>2021-02-17 21:05:44 UTC</createdTime>
<ownerDesignName>eRx Database Model v4</ownerDesignName>
</ColumnProxy>
<ColumnProxy name="USERS_ID" id="348FB78F-7C79-2A50-5C76-DDC1DEA1FB71">
<createdBy>VHAHAMWandlJ</createdBy>
<createdTime>2021-02-17 21:05:44 UTC</createdTime>
<ownerDesignName>eRx Database Model v4</ownerDesignName>
</ColumnProxy>
<ColumnProxy name="UPDATED_BY" id="53F537C6-0146-8705-E606-6072F37081C3">
<createdBy>VHAHAMWandlJ</createdBy>
<createdTime>2021-02-17 21:05:44 UTC</createdTime>
<ownerDesignName>eRx Database Model v4</ownerDesignName>
</ColumnProxy>
<ColumnProxy name="VA_STATION_IDS" id="851BC7FB-92ED-FDE8-DD8E-82EF55BBF4A6">
<createdBy>VHAHAMWandlJ</createdBy>
<createdTime>2021-02-17 21:05:44 UTC</createdTime>
<ownerDesignName>eRx Database Model v4</ownerDesignName>
<defaultValue>&apos;All&apos;</defaultValue>
</ColumnProxy>
<ColumnProxy name="IS_SYSTEM_ADMN" id="95AF309C-B5A1-9E1B-EC03-09F4EC68B93E">
<createdBy>VHAHAMWandlJ</createdBy>
<createdTime>2021-02-17 21:05:44 UTC</createdTime>
<ownerDesignName>eRx Database Model v4</ownerDesignName>
<defaultValue>&apos;N&apos;</defaultValue>
</ColumnProxy>
<ColumnProxy name="UPDATED_DATE" id="9889A88F-E500-4325-A66B-322DEC336DE8">
<createdBy>VHAHAMWandlJ</createdBy>
<createdTime>2021-02-17 21:05:44 UTC</createdTime>
<ownerDesignName>eRx Database Model v4</ownerDesignName>
</ColumnProxy>
<ColumnProxy name="IS_PHARM_MGR" id="AC035F5B-5185-CFF3-11C9-BF56B252ADDF">
<createdBy>VHAHAMWandlJ</createdBy>
<createdTime>2021-02-17 21:05:44 UTC</createdTime>
<ownerDesignName>eRx Database Model v4</ownerDesignName>
<defaultValue>&apos;N&apos;</defaultValue>
</ColumnProxy>
<ColumnProxy name="LAST_NAME" id="B74D4793-C772-8953-D529-64C25AE41687">
<createdBy>VHAHAMWandlJ</createdBy>
<createdTime>2021-02-17 21:05:44 UTC</createdTime>
<ownerDesignName>eRx Database Model v4</ownerDesignName>
</ColumnProxy>
<ColumnProxy name="FIRST_NAME" id="D22F283B-23DF-6035-8387-200983E36A4B">
<createdBy>VHAHAMWandlJ</createdBy>
<createdTime>2021-02-17 21:05:44 UTC</createdTime>
<ownerDesignName>eRx Database Model v4</ownerDesignName>
</ColumnProxy>
<ColumnProxy name="IS_PBM_ADMN" id="EB910BE0-D7E8-24C9-FD1C-7C28BEBC9A10">
<createdBy>VHAHAMWandlJ</createdBy>
<createdTime>2021-02-17 21:05:44 UTC</createdTime>
<ownerDesignName>eRx Database Model v4</ownerDesignName>
<defaultValue>&apos;N&apos;</defaultValue>
</ColumnProxy>
<ColumnProxy name="CREATED_DATE" id="EBBABFDA-5C48-6656-CC61-F84A8E1F5389">
<createdBy>VHAHAMWandlJ</createdBy>
<createdTime>2021-02-17 21:05:44 UTC</createdTime>
<ownerDesignName>eRx Database Model v4</ownerDesignName>
</ColumnProxy>
</columnProxies>
<indexProxies>
<IndexProxy class="oracle.dbtools.crest.model.design.storage.oracle.v10g.IndexProxyOraclev10g" name="VA_USERID_UK" id="5D48E0B4-13F8-5312-8F8D-36FE8AEAE239">
<createdBy>VHAHAMWandlJ</createdBy>
<createdTime>2021-02-17 21:05:49 UTC</createdTime>
<ownerDesignName>eRx Database Model v4</ownerDesignName>
<schemaObject>B30EB6F8-3729-5C21-2C5D-963BAA817587</schemaObject>
<segment>82C8CA70-1248-AF88-7947-8CA07A545C8F</segment>
<tableSpace>702948CF-09F4-E358-C9E1-D9446C465CB1</tableSpace>
</IndexProxy>
<IndexProxy class="oracle.dbtools.crest.model.design.storage.oracle.v10g.IndexProxyOraclev10g" name="USERS_PK" id="F60E5E32-AD08-5DE1-48D8-6E0F09815B6B">
<createdBy>VHAHAMWandlJ</createdBy>
<createdTime>2021-02-17 21:05:49 UTC</createdTime>
<ownerDesignName>eRx Database Model v4</ownerDesignName>
<schemaObject>B30EB6F8-3729-5C21-2C5D-963BAA817587</schemaObject>
<segment>82C8CA70-1248-AF88-7947-8CA07A545C8F</segment>
<tableSpace>702948CF-09F4-E358-C9E1-D9446C465CB1</tableSpace>
</IndexProxy>
</indexProxies>
<primaryKeys>
<PrimaryKey class="oracle.dbtools.crest.model.design.storage.oracle.v10g.PKProxyOraclev10g" name="USERS_PK" id="A57C29DB-B419-E7ED-920C-711BCFDAB524">
<createdBy>VHAHAMWandlJ</createdBy>
<createdTime>2021-02-17 21:05:49 UTC</createdTime>
<ownerDesignName>eRx Database Model v4</ownerDesignName>
<segment>82C8CA70-1248-AF88-7947-8CA07A545C8F</segment>
<tableSpace>702948CF-09F4-E358-C9E1-D9446C465CB1</tableSpace>
<existingIndex>F60E5E32-AD08-5DE1-48D8-6E0F09815B6B</existingIndex>
<indexSegment>82C8CA70-1248-AF88-7947-8CA07A545C8F</indexSegment>
<indexSort>SORTED</indexSort>
<usingIndex>BY INDEX NAME</usingIndex>
</PrimaryKey>
</primaryKeys>
<uniqueKeys>
<UniqueKey class="oracle.dbtools.crest.model.design.storage.oracle.v10g.UniqueOraclev10g" name="VA_USERID_UK" id="B7BBDB25-AC83-E90B-2201-D8ABC1FAA927">
<createdBy>VHAHAMWandlJ</createdBy>
<createdTime>2021-02-17 21:05:49 UTC</createdTime>
<ownerDesignName>eRx Database Model v4</ownerDesignName>
<segment>82C8CA70-1248-AF88-7947-8CA07A545C8F</segment>
<tableSpace>702948CF-09F4-E358-C9E1-D9446C465CB1</tableSpace>
<existingIndex>5D48E0B4-13F8-5312-8F8D-36FE8AEAE239</existingIndex>
<indexSegment>82C8CA70-1248-AF88-7947-8CA07A545C8F</indexSegment>
<indexSort>SORTED</indexSort>
<usingIndex>BY INDEX NAME</usingIndex>
</UniqueKey>
</uniqueKeys>
</TableProxyOraclev12c>