<?xml version = '1.0' encoding = 'UTF-8'?>
<TableProxyOraclev12c class="oracle.dbtools.crest.model.design.storage.oracle.v12c.TableProxyOraclev12c" name="PHARMACY" directorySegmentName="seg_0" id="2C15DBC2-E918-C75D-E2EF-BB752248C680">
<createdBy>VHAHAMWandlJ</createdBy>
<createdTime>2021-02-17 21:05:43 UTC</createdTime>
<ownerDesignName>eRx Database Model v4</ownerDesignName>
<schemaObject>B30EB6F8-3729-5C21-2C5D-963BAA817587</schemaObject>
<logging>YES</logging>
<partitionedRowMovement>DISABLE</partitionedRowMovement>
<segment>1A5CB2C4-98DA-C241-1D49-987AC04A3EF8</segment>
<tableSpace>C9734413-832D-EC42-5E2B-FCB55AC5F3A3</tableSpace>
<temporaryChanged>false</temporaryChanged>
<accessDriverType>oracle_loader</accessDriverType>
<rejectLimit></rejectLimit>
<inMemory>NO</inMemory>
<columnProxies itemClass="oracle.dbtools.crest.model.design.storage.oracle.v12c.ColumnProxyOraclev12c">
<ColumnProxy name="NCPDP_ID" id="117DF097-967D-E57B-3246-4162F7BC295E">
<createdBy>VHAHAMWandlJ</createdBy>
<createdTime>2021-02-17 21:05:44 UTC</createdTime>
<ownerDesignName>eRx Database Model v4</ownerDesignName>
</ColumnProxy>
<ColumnProxy name="VISN" id="1243A27C-6178-947A-64FD-CEA8375AD5A9">
<createdBy>VHAHAMWandlJ</createdBy>
<createdTime>2021-02-17 21:05:44 UTC</createdTime>
<ownerDesignName>eRx Database Model v4</ownerDesignName>
</ColumnProxy>
<ColumnProxy name="STORE_NAME" id="358F833C-8C1C-5809-5B07-A70D2ABBD099">
<createdBy>VHAHAMWandlJ</createdBy>
<createdTime>2021-02-17 21:05:44 UTC</createdTime>
<ownerDesignName>eRx Database Model v4</ownerDesignName>
</ColumnProxy>
<ColumnProxy name="UPDATED_BY" id="3739201E-CD3E-991D-0CBD-CA5E19182139">
<createdBy>VHAHAMWandlJ</createdBy>
<createdTime>2021-02-17 21:05:44 UTC</createdTime>
<ownerDesignName>eRx Database Model v4</ownerDesignName>
</ColumnProxy>
<ColumnProxy name="PHARMACY_CITY" id="3C624D70-CE48-7C1F-0CDF-5720BC4CEECB">
<createdBy>VHAHAMWandlJ</createdBy>
<createdTime>2021-02-17 21:05:44 UTC</createdTime>
<ownerDesignName>eRx Database Model v4</ownerDesignName>
</ColumnProxy>
<ColumnProxy name="CREATED_BY" id="5346B57E-3C3F-6154-96C0-73D1033624EC">
<createdBy>VHAHAMWandlJ</createdBy>
<createdTime>2021-02-17 21:05:44 UTC</createdTime>
<ownerDesignName>eRx Database Model v4</ownerDesignName>
</ColumnProxy>
<ColumnProxy name="PHARMACIST_SUFFIX" id="53C46724-D5C2-57F6-8011-9B51CB041527">
<createdBy>VHAHAMWandlJ</createdBy>
<createdTime>2021-02-17 21:05:44 UTC</createdTime>
<ownerDesignName>eRx Database Model v4</ownerDesignName>
</ColumnProxy>
<ColumnProxy name="PHARMACY_STATE" id="5BBAA044-0CF4-417C-D16A-A017922E6979">
<createdBy>VHAHAMWandlJ</createdBy>
<createdTime>2021-02-17 21:05:44 UTC</createdTime>
<ownerDesignName>eRx Database Model v4</ownerDesignName>
</ColumnProxy>
<ColumnProxy name="PHARMACY_ID" id="6BCBDEE7-2CF5-909A-AD26-060C9FB05297">
<createdBy>VHAHAMWandlJ</createdBy>
<createdTime>2021-02-17 21:05:44 UTC</createdTime>
<ownerDesignName>eRx Database Model v4</ownerDesignName>
</ColumnProxy>
<ColumnProxy name="CREATED_DATE" id="6DE7BBC0-949D-4FE0-5EF5-4F34A7C8F411">
<createdBy>VHAHAMWandlJ</createdBy>
<createdTime>2021-02-17 21:05:44 UTC</createdTime>
<ownerDesignName>eRx Database Model v4</ownerDesignName>
</ColumnProxy>
<ColumnProxy name="PHARMACY_ADDRESS_LINE_1" id="6E0988F1-CD56-B162-FEAF-C476F6033793">
<createdBy>VHAHAMWandlJ</createdBy>
<createdTime>2021-02-17 21:05:44 UTC</createdTime>
<ownerDesignName>eRx Database Model v4</ownerDesignName>
</ColumnProxy>
<ColumnProxy name="DIVISION_NAME" id="727803B2-D781-000F-D81E-D499598399BE">
<createdBy>VHAHAMWandlJ</createdBy>
<createdTime>2021-02-17 21:05:44 UTC</createdTime>
<ownerDesignName>eRx Database Model v4</ownerDesignName>
</ColumnProxy>
<ColumnProxy name="PHARMACY_FAX_NUMBER" id="75F416EF-FC39-E594-DE90-853A01D1C367">
<createdBy>VHAHAMWandlJ</createdBy>
<createdTime>2021-02-17 21:05:44 UTC</createdTime>
<ownerDesignName>eRx Database Model v4</ownerDesignName>
</ColumnProxy>
<ColumnProxy name="UPDATED_DATE" id="76976171-CFE1-356C-FF0E-774C9786AF3D">
<createdBy>VHAHAMWandlJ</createdBy>
<createdTime>2021-02-17 21:05:44 UTC</createdTime>
<ownerDesignName>eRx Database Model v4</ownerDesignName>
</ColumnProxy>
<ColumnProxy name="CROSS_STREET" id="96F5F110-7BEC-1B33-394A-8A943E0AAE03">
<createdBy>VHAHAMWandlJ</createdBy>
<createdTime>2021-02-17 21:05:44 UTC</createdTime>
<ownerDesignName>eRx Database Model v4</ownerDesignName>
</ColumnProxy>
<ColumnProxy name="PHARMACY_ADDRESS_LINE_2" id="A9097062-8485-8ECD-32E5-FA45BE6EC0D6">
<createdBy>VHAHAMWandlJ</createdBy>
<createdTime>2021-02-17 21:05:44 UTC</createdTime>
<ownerDesignName>eRx Database Model v4</ownerDesignName>
</ColumnProxy>
<ColumnProxy name="EANDE_CHECK" id="AEDED684-3D6A-F9A1-F3C7-E8C3EC727283">
<createdBy>VHAHAMWandlJ</createdBy>
<createdTime>2021-02-17 21:05:44 UTC</createdTime>
<ownerDesignName>eRx Database Model v4</ownerDesignName>
<defaultValue>&apos;Y&apos;</defaultValue>
</ColumnProxy>
<ColumnProxy name="PHARMACIST_MIDDLE_NAME" id="B1D037D5-8969-DF2F-AB23-30B117205F28">
<createdBy>VHAHAMWandlJ</createdBy>
<createdTime>2021-02-17 21:05:44 UTC</createdTime>
<ownerDesignName>eRx Database Model v4</ownerDesignName>
</ColumnProxy>
<ColumnProxy name="NPI" id="B679835D-C765-09F7-92BE-83C29F383364">
<createdBy>VHAHAMWandlJ</createdBy>
<createdTime>2021-02-17 21:05:44 UTC</createdTime>
<ownerDesignName>eRx Database Model v4</ownerDesignName>
</ColumnProxy>
<ColumnProxy name="PHARMACIST_PREFIX" id="BF0BF905-0C40-4295-2ED3-41F9220FF33D">
<createdBy>VHAHAMWandlJ</createdBy>
<createdTime>2021-02-17 21:05:44 UTC</createdTime>
<ownerDesignName>eRx Database Model v4</ownerDesignName>
</ColumnProxy>
<ColumnProxy name="PHARMACY_ZIPCODE" id="CBC4EA20-92B6-2212-89F1-375B80535A3A">
<createdBy>VHAHAMWandlJ</createdBy>
<createdTime>2021-02-17 21:05:44 UTC</createdTime>
<ownerDesignName>eRx Database Model v4</ownerDesignName>
</ColumnProxy>
<ColumnProxy name="PHARMACIST_LAST_NAME" id="DA0EECDC-88CA-C549-BF2E-6FEFC2B1F7B6">
<createdBy>VHAHAMWandlJ</createdBy>
<createdTime>2021-02-17 21:05:44 UTC</createdTime>
<ownerDesignName>eRx Database Model v4</ownerDesignName>
</ColumnProxy>
<ColumnProxy name="PHARMACIST_FIRST_NAME" id="DB2B9A6D-8EBF-9DC6-8FEA-FF52773E52E3">
<createdBy>VHAHAMWandlJ</createdBy>
<createdTime>2021-02-17 21:05:44 UTC</createdTime>
<ownerDesignName>eRx Database Model v4</ownerDesignName>
</ColumnProxy>
<ColumnProxy name="PHARMACY_PHONE_NUMBER" id="DD4D1365-B452-B488-940C-37EFC1B91A5F">
<createdBy>VHAHAMWandlJ</createdBy>
<createdTime>2021-02-17 21:05:44 UTC</createdTime>
<ownerDesignName>eRx Database Model v4</ownerDesignName>
</ColumnProxy>
<ColumnProxy name="INBOUND_ERX_ENABLED" id="DF8EB8ED-5113-1ABC-B256-BF3C8572B463">
<createdBy>VHAHAMWandlJ</createdBy>
<createdTime>2021-02-17 21:05:44 UTC</createdTime>
<ownerDesignName>eRx Database Model v4</ownerDesignName>
</ColumnProxy>
<ColumnProxy name="VA_STATION_ID" id="F162E0E3-1ACD-9B26-6027-E869712276F2">
<createdBy>VHAHAMWandlJ</createdBy>
<createdTime>2021-02-17 21:05:44 UTC</createdTime>
<ownerDesignName>eRx Database Model v4</ownerDesignName>
</ColumnProxy>
</columnProxies>
<indexProxies>
<IndexProxy class="oracle.dbtools.crest.model.design.storage.oracle.v10g.IndexProxyOraclev10g" name="DIVISION_NAME_UK" id="25397C03-A03F-9093-BE5B-0217B8710839">
<createdBy>VHAHAMWandlJ</createdBy>
<createdTime>2021-02-17 21:05:49 UTC</createdTime>
<ownerDesignName>eRx Database Model v4</ownerDesignName>
<schemaObject>B30EB6F8-3729-5C21-2C5D-963BAA817587</schemaObject>
<segment>82C8CA70-1248-AF88-7947-8CA07A545C8F</segment>
<tableSpace>702948CF-09F4-E358-C9E1-D9446C465CB1</tableSpace>
</IndexProxy>
<IndexProxy class="oracle.dbtools.crest.model.design.storage.oracle.v10g.IndexProxyOraclev10g" name="VA_STATION_ID_UK" id="5B26C114-147B-A275-C211-78D702E0E3F8">
<createdBy>VHAHAMWandlJ</createdBy>
<createdTime>2021-02-17 21:05:49 UTC</createdTime>
<ownerDesignName>eRx Database Model v4</ownerDesignName>
<schemaObject>B30EB6F8-3729-5C21-2C5D-963BAA817587</schemaObject>
<segment>82C8CA70-1248-AF88-7947-8CA07A545C8F</segment>
<tableSpace>702948CF-09F4-E358-C9E1-D9446C465CB1</tableSpace>
</IndexProxy>
<IndexProxy class="oracle.dbtools.crest.model.design.storage.oracle.v10g.IndexProxyOraclev10g" name="NPI_UK" id="9AF82770-52A9-BD36-3385-92E9422F1B9A">
<createdBy>VHAHAMWandlJ</createdBy>
<createdTime>2021-02-17 21:05:49 UTC</createdTime>
<ownerDesignName>eRx Database Model v4</ownerDesignName>
<schemaObject>B30EB6F8-3729-5C21-2C5D-963BAA817587</schemaObject>
<segment>82C8CA70-1248-AF88-7947-8CA07A545C8F</segment>
<tableSpace>702948CF-09F4-E358-C9E1-D9446C465CB1</tableSpace>
</IndexProxy>
<IndexProxy class="oracle.dbtools.crest.model.design.storage.oracle.v10g.IndexProxyOraclev10g" name="PHARMACY_PK" id="A8C18F29-32F5-7ABF-2366-58C15C47C28A">
<createdBy>VHAHAMWandlJ</createdBy>
<createdTime>2021-02-17 21:05:49 UTC</createdTime>
<ownerDesignName>eRx Database Model v4</ownerDesignName>
<schemaObject>B30EB6F8-3729-5C21-2C5D-963BAA817587</schemaObject>
<segment>82C8CA70-1248-AF88-7947-8CA07A545C8F</segment>
<tableSpace>702948CF-09F4-E358-C9E1-D9446C465CB1</tableSpace>
</IndexProxy>
<IndexProxy class="oracle.dbtools.crest.model.design.storage.oracle.v10g.IndexProxyOraclev10g" name="NCPDP_ID_UK" id="CD860802-A899-121E-8802-D39BB040B0EA">
<createdBy>VHAHAMWandlJ</createdBy>
<createdTime>2021-02-17 21:05:49 UTC</createdTime>
<ownerDesignName>eRx Database Model v4</ownerDesignName>
<schemaObject>B30EB6F8-3729-5C21-2C5D-963BAA817587</schemaObject>
<segment>82C8CA70-1248-AF88-7947-8CA07A545C8F</segment>
<tableSpace>702948CF-09F4-E358-C9E1-D9446C465CB1</tableSpace>
</IndexProxy>
</indexProxies>
<foreignKeys>
<ForeignKey class="oracle.dbtools.crest.model.design.storage.oracle.v10g.FKProxyOraclev10g" name="PHARMACY_USERS_CREATED_FK" id="47C6A3F9-5AAB-2847-D967-91018A39EA7D">
<createdBy>VHAHAMWandlJ</createdBy>
<createdTime>2021-02-17 21:05:51 UTC</createdTime>
<ownerDesignName>eRx Database Model v4</ownerDesignName>
</ForeignKey>
<ForeignKey class="oracle.dbtools.crest.model.design.storage.oracle.v10g.FKProxyOraclev10g" name="PHARMACY_USERS_UPDATED_FK" id="AADF3DFF-0664-40F0-2F8D-084DC150ADB8">
<createdBy>VHAHAMWandlJ</createdBy>
<createdTime>2021-02-17 21:05:51 UTC</createdTime>
<ownerDesignName>eRx Database Model v4</ownerDesignName>
</ForeignKey>
</foreignKeys>
<primaryKeys>
<PrimaryKey class="oracle.dbtools.crest.model.design.storage.oracle.v10g.PKProxyOraclev10g" name="PHARMACY_PK" id="EA330BD7-7ED7-8275-B59F-79B251E916CC">
<createdBy>VHAHAMWandlJ</createdBy>
<createdTime>2021-02-17 21:05:49 UTC</createdTime>
<ownerDesignName>eRx Database Model v4</ownerDesignName>
<segment>82C8CA70-1248-AF88-7947-8CA07A545C8F</segment>
<tableSpace>702948CF-09F4-E358-C9E1-D9446C465CB1</tableSpace>
<existingIndex>A8C18F29-32F5-7ABF-2366-58C15C47C28A</existingIndex>
<indexSegment>82C8CA70-1248-AF88-7947-8CA07A545C8F</indexSegment>
<indexSort>SORTED</indexSort>
<usingIndex>BY INDEX NAME</usingIndex>
</PrimaryKey>
</primaryKeys>
<uniqueKeys>
<UniqueKey class="oracle.dbtools.crest.model.design.storage.oracle.v10g.UniqueOraclev10g" name="NCPDP_ID_UK" id="3B9A9D88-B045-1FAB-2D7B-66CE962EDEFD">
<createdBy>VHAHAMWandlJ</createdBy>
<createdTime>2021-02-17 21:05:49 UTC</createdTime>
<ownerDesignName>eRx Database Model v4</ownerDesignName>
<segment>82C8CA70-1248-AF88-7947-8CA07A545C8F</segment>
<tableSpace>702948CF-09F4-E358-C9E1-D9446C465CB1</tableSpace>
<existingIndex>CD860802-A899-121E-8802-D39BB040B0EA</existingIndex>
<indexSegment>82C8CA70-1248-AF88-7947-8CA07A545C8F</indexSegment>
<indexSort>SORTED</indexSort>
<usingIndex>BY INDEX NAME</usingIndex>
</UniqueKey>
<UniqueKey class="oracle.dbtools.crest.model.design.storage.oracle.v10g.UniqueOraclev10g" name="DIVISION_NAME_UK" id="614E87AD-A73F-37FB-FB42-47A60F491D62">
<createdBy>VHAHAMWandlJ</createdBy>
<createdTime>2021-02-17 21:05:49 UTC</createdTime>
<ownerDesignName>eRx Database Model v4</ownerDesignName>
<segment>82C8CA70-1248-AF88-7947-8CA07A545C8F</segment>
<tableSpace>702948CF-09F4-E358-C9E1-D9446C465CB1</tableSpace>
<existingIndex>25397C03-A03F-9093-BE5B-0217B8710839</existingIndex>
<indexSegment>82C8CA70-1248-AF88-7947-8CA07A545C8F</indexSegment>
<indexSort>SORTED</indexSort>
<usingIndex>BY INDEX NAME</usingIndex>
</UniqueKey>
<UniqueKey class="oracle.dbtools.crest.model.design.storage.oracle.v10g.UniqueOraclev10g" name="NPI_UK" id="8078FCAF-C878-4D43-62FA-6C2428A6E94D">
<createdBy>VHAHAMWandlJ</createdBy>
<createdTime>2021-02-17 21:05:49 UTC</createdTime>
<ownerDesignName>eRx Database Model v4</ownerDesignName>
<segment>82C8CA70-1248-AF88-7947-8CA07A545C8F</segment>
<tableSpace>702948CF-09F4-E358-C9E1-D9446C465CB1</tableSpace>
<existingIndex>9AF82770-52A9-BD36-3385-92E9422F1B9A</existingIndex>
<indexSegment>82C8CA70-1248-AF88-7947-8CA07A545C8F</indexSegment>
<indexSort>SORTED</indexSort>
<usingIndex>BY INDEX NAME</usingIndex>
</UniqueKey>
<UniqueKey class="oracle.dbtools.crest.model.design.storage.oracle.v10g.UniqueOraclev10g" name="VA_STATION_ID_UK" id="FD54DBA3-FD9E-56AB-4849-21E12C743A2E">
<createdBy>VHAHAMWandlJ</createdBy>
<createdTime>2021-02-17 21:05:49 UTC</createdTime>
<ownerDesignName>eRx Database Model v4</ownerDesignName>
<segment>82C8CA70-1248-AF88-7947-8CA07A545C8F</segment>
<tableSpace>702948CF-09F4-E358-C9E1-D9446C465CB1</tableSpace>
<existingIndex>5B26C114-147B-A275-C211-78D702E0E3F8</existingIndex>
<indexSegment>82C8CA70-1248-AF88-7947-8CA07A545C8F</indexSegment>
<indexSort>SORTED</indexSort>
<usingIndex>BY INDEX NAME</usingIndex>
</UniqueKey>
</uniqueKeys>
</TableProxyOraclev12c>