<?xml version = '1.0' encoding = 'UTF-8'?>
<TableProxyOraclev12c class="oracle.dbtools.crest.model.design.storage.oracle.v12c.TableProxyOraclev12c" name="ERX_STATUS" directorySegmentName="seg_0" id="5631E1AD-7690-24E8-19EE-24FBC7E67244">
<createdBy>VHAHAMWandlJ</createdBy>
<createdTime>2021-02-17 21:05:43 UTC</createdTime>
<ownerDesignName>eRx Database Model v4</ownerDesignName>
<schemaObject>B30EB6F8-3729-5C21-2C5D-963BAA817587</schemaObject>
<logging>YES</logging>
<partitionedRowMovement>DISABLE</partitionedRowMovement>
<segment>1A5CB2C4-98DA-C241-1D49-987AC04A3EF8</segment>
<tableSpace>C9734413-832D-EC42-5E2B-FCB55AC5F3A3</tableSpace>
<temporaryChanged>false</temporaryChanged>
<accessDriverType>oracle_loader</accessDriverType>
<rejectLimit></rejectLimit>
<inMemory>NO</inMemory>
<columnProxies itemClass="oracle.dbtools.crest.model.design.storage.oracle.v12c.ColumnProxyOraclev12c">
<ColumnProxy name="CODE_DESCRIPTION" id="102404F3-29F3-A965-2B72-6013A318EE5B">
<createdBy>VHAHAMWandlJ</createdBy>
<createdTime>2021-02-17 21:05:44 UTC</createdTime>
<ownerDesignName>eRx Database Model v4</ownerDesignName>
</ColumnProxy>
<ColumnProxy name="UPDATED_DATE" id="8621A874-55E0-55F9-1FA2-F94BABEE2209">
<createdBy>VHAHAMWandlJ</createdBy>
<createdTime>2021-02-17 21:05:44 UTC</createdTime>
<ownerDesignName>eRx Database Model v4</ownerDesignName>
</ColumnProxy>
<ColumnProxy name="CODE" id="9052936E-92D9-60C3-27BC-618B3652A4C8">
<createdBy>VHAHAMWandlJ</createdBy>
<createdTime>2021-02-17 21:05:44 UTC</createdTime>
<ownerDesignName>eRx Database Model v4</ownerDesignName>
</ColumnProxy>
<ColumnProxy name="CREATED_DATE" id="B268457D-4DA9-5BA9-3F68-EC2B66A3F080">
<createdBy>VHAHAMWandlJ</createdBy>
<createdTime>2021-02-17 21:05:44 UTC</createdTime>
<ownerDesignName>eRx Database Model v4</ownerDesignName>
</ColumnProxy>
<ColumnProxy name="AUTO_CHECK" id="FDE7B5CF-7D61-55B6-42F8-57601B3268D4">
<createdBy>VHAHAMWandlJ</createdBy>
<createdTime>2021-02-17 21:05:44 UTC</createdTime>
<ownerDesignName>eRx Database Model v4</ownerDesignName>
</ColumnProxy>
</columnProxies>
<indexProxies>
<IndexProxy class="oracle.dbtools.crest.model.design.storage.oracle.v10g.IndexProxyOraclev10g" name="ERX_STATUS_PK" id="54866C65-C29B-BF76-D7FB-09417A61B83C">
<createdBy>VHAHAMWandlJ</createdBy>
<createdTime>2021-02-17 21:05:48 UTC</createdTime>
<ownerDesignName>eRx Database Model v4</ownerDesignName>
<schemaObject>B30EB6F8-3729-5C21-2C5D-963BAA817587</schemaObject>
<segment>82C8CA70-1248-AF88-7947-8CA07A545C8F</segment>
<tableSpace>702948CF-09F4-E358-C9E1-D9446C465CB1</tableSpace>
</IndexProxy>
</indexProxies>
<primaryKeys>
<PrimaryKey class="oracle.dbtools.crest.model.design.storage.oracle.v10g.PKProxyOraclev10g" name="ERX_STATUS_PK" id="3A605784-997F-C17B-0AE7-4710B6B273FB">
<createdBy>VHAHAMWandlJ</createdBy>
<createdTime>2021-02-17 21:05:49 UTC</createdTime>
<ownerDesignName>eRx Database Model v4</ownerDesignName>
<segment>82C8CA70-1248-AF88-7947-8CA07A545C8F</segment>
<tableSpace>702948CF-09F4-E358-C9E1-D9446C465CB1</tableSpace>
<existingIndex>54866C65-C29B-BF76-D7FB-09417A61B83C</existingIndex>
<indexSegment>82C8CA70-1248-AF88-7947-8CA07A545C8F</indexSegment>
<indexSort>SORTED</indexSort>
<usingIndex>BY INDEX NAME</usingIndex>
</PrimaryKey>
</primaryKeys>
</TableProxyOraclev12c>