<?xml version = '1.0' encoding = 'UTF-8'?>
<TableProxyOraclev12c class="oracle.dbtools.crest.model.design.storage.oracle.v12c.TableProxyOraclev12c" name="ECL_CODE" directorySegmentName="seg_0" id="72ED0D36-1280-2742-8F34-E6EC58EC4805">
<createdBy>VHAHAMWandlJ</createdBy>
<createdTime>2021-02-17 21:05:43 UTC</createdTime>
<ownerDesignName>eRx Database Model v4</ownerDesignName>
<schemaObject>B30EB6F8-3729-5C21-2C5D-963BAA817587</schemaObject>
<logging>YES</logging>
<partitionedRowMovement>DISABLE</partitionedRowMovement>
<segment>1A5CB2C4-98DA-C241-1D49-987AC04A3EF8</segment>
<tableSpace>C9734413-832D-EC42-5E2B-FCB55AC5F3A3</tableSpace>
<temporaryChanged>false</temporaryChanged>
<accessDriverType>oracle_loader</accessDriverType>
<rejectLimit></rejectLimit>
<inMemory>NO</inMemory>
<columnProxies itemClass="oracle.dbtools.crest.model.design.storage.oracle.v12c.ColumnProxyOraclev12c">
<ColumnProxy name="CODE_TYPE" id="767D45CA-7739-E2F7-1F03-EBA4B5914F94">
<createdBy>VHAHAMWandlJ</createdBy>
<createdTime>2021-02-17 21:05:44 UTC</createdTime>
<ownerDesignName>eRx Database Model v4</ownerDesignName>
</ColumnProxy>
<ColumnProxy name="DEFINITION" id="CEAD946D-6EBC-37F8-92C7-B1F539F21713">
<createdBy>VHAHAMWandlJ</createdBy>
<createdTime>2021-02-17 21:05:44 UTC</createdTime>
<ownerDesignName>eRx Database Model v4</ownerDesignName>
</ColumnProxy>
<ColumnProxy name="CODE" id="DE2A08F5-7D49-892C-CFBB-4B0D034B0FE1">
<createdBy>VHAHAMWandlJ</createdBy>
<createdTime>2021-02-17 21:05:44 UTC</createdTime>
<ownerDesignName>eRx Database Model v4</ownerDesignName>
</ColumnProxy>
</columnProxies>
</TableProxyOraclev12c>