<?xml version = '1.0' encoding = 'UTF-8'?>
<RoleOraclev10g class="oracle.dbtools.crest.model.design.storage.oracle.v10g.RoleOraclev10g" name="ERX_READ_DEIDENT_ROLE" directorySegmentName="seg_0" id="96FF1856-776C-C5CF-C8D5-9CC20AA77061">
<sourceConnName>erd3_erx_19c</sourceConnName>
<sourceObjName>ERX_READ_DEIDENT_ROLE</sourceObjName>
<createdBy>VHAHAMWandlJ</createdBy>
<createdTime>2021-02-17 21:06:43 UTC</createdTime>
<ownerDesignName>eRx Database Model v4</ownerDesignName>
<permissions>
<Permission class="oracle.dbtools.crest.model.design.storage.oracle.v10g.PermissionsOraclev10g" name="Permissions23" id="918AD9FD-EC2A-88D9-EC41-933D0C0472CF">
<createdBy>VHAHAMWandlJ</createdBy>
<createdTime>2021-02-17 21:06:43 UTC</createdTime>
<ownerDesignName>eRx Database Model v4</ownerDesignName>
<privileges>SELECT</privileges>
<table>1259F7C1-B02B-BE6E-B209-BF677C119070</table>
</Permission>
<Permission class="oracle.dbtools.crest.model.design.storage.oracle.v10g.PermissionsOraclev10g" name="Permissions24" id="10D1C9EC-071C-7791-D972-C992A670671F">
<createdBy>VHAHAMWandlJ</createdBy>
<createdTime>2021-02-17 21:06:43 UTC</createdTime>
<ownerDesignName>eRx Database Model v4</ownerDesignName>
<privileges>SELECT</privileges>
<table>72ED0D36-1280-2742-8F34-E6EC58EC4805</table>
</Permission>
<Permission class="oracle.dbtools.crest.model.design.storage.oracle.v10g.PermissionsOraclev10g" name="Permissions25" id="36142FED-149E-61E6-E9EE-938E7F3FD9C7">
<createdBy>VHAHAMWandlJ</createdBy>
<createdTime>2021-02-17 21:06:43 UTC</createdTime>
<ownerDesignName>eRx Database Model v4</ownerDesignName>
<privileges>SELECT</privileges>
<table>5631E1AD-7690-24E8-19EE-24FBC7E67244</table>
</Permission>
<Permission class="oracle.dbtools.crest.model.design.storage.oracle.v10g.PermissionsOraclev10g" name="Permissions26" id="F4467C53-41AC-5B2F-4E73-306F2E64DD3A">
<createdBy>VHAHAMWandlJ</createdBy>
<createdTime>2021-02-17 21:06:43 UTC</createdTime>
<ownerDesignName>eRx Database Model v4</ownerDesignName>
<privileges>SELECT</privileges>
<table>14B64BBA-4A2B-FF3E-C2EC-D7D41222CD99</table>
</Permission>
<Permission class="oracle.dbtools.crest.model.design.storage.oracle.v10g.PermissionsOraclev10g" name="Permissions27" id="8E9DD9CE-3E4A-4C0E-C71B-D6B6248F2ADC">
<createdBy>VHAHAMWandlJ</createdBy>
<createdTime>2021-02-17 21:06:43 UTC</createdTime>
<ownerDesignName>eRx Database Model v4</ownerDesignName>
<privileges>SELECT</privileges>
<table>1C229B5D-C234-6808-4791-88758450DEEA</table>
</Permission>
<Permission class="oracle.dbtools.crest.model.design.storage.oracle.v10g.PermissionsOraclev10g" name="Permissions28" id="B7969F83-CF06-34EF-0A58-1114C819673A">
<createdBy>VHAHAMWandlJ</createdBy>
<createdTime>2021-02-17 21:06:43 UTC</createdTime>
<ownerDesignName>eRx Database Model v4</ownerDesignName>
<privileges>SELECT</privileges>
<table>2C15DBC2-E918-C75D-E2EF-BB752248C680</table>
</Permission>
<Permission class="oracle.dbtools.crest.model.design.storage.oracle.v10g.PermissionsOraclev10g" name="Permissions29" id="AAA6497B-CA71-6239-21D9-7A3589D8EBC4">
<createdBy>VHAHAMWandlJ</createdBy>
<createdTime>2021-02-17 21:06:43 UTC</createdTime>
<ownerDesignName>eRx Database Model v4</ownerDesignName>
<privileges>SELECT</privileges>
<table>913C9062-1FE8-B742-D3CB-9B6FEB99DD98</table>
</Permission>
</permissions>
</RoleOraclev10g>