<?xml version = '1.0' encoding = 'UTF-8'?>
<RoleOraclev10g class="oracle.dbtools.crest.model.design.storage.oracle.v10g.RoleOraclev10g" name="ERX_READ_ROLE" directorySegmentName="seg_0" id="9D03FC15-652B-B48A-E968-0930D04F8993">
<sourceConnName>erd3_erx_19c</sourceConnName>
<sourceObjName>ERX_READ_ROLE</sourceObjName>
<createdBy>VHAHAMWandlJ</createdBy>
<createdTime>2021-02-17 21:06:43 UTC</createdTime>
<ownerDesignName>eRx Database Model v4</ownerDesignName>
<permissions>
<Permission class="oracle.dbtools.crest.model.design.storage.oracle.v10g.PermissionsOraclev10g" name="Permissions10" id="A2D8138E-C810-BE47-51E9-463C54035D80">
<createdBy>VHAHAMWandlJ</createdBy>
<createdTime>2021-02-17 21:06:43 UTC</createdTime>
<ownerDesignName>eRx Database Model v4</ownerDesignName>
<privileges>SELECT</privileges>
<table>1259F7C1-B02B-BE6E-B209-BF677C119070</table>
</Permission>
<Permission class="oracle.dbtools.crest.model.design.storage.oracle.v10g.PermissionsOraclev10g" name="Permissions11" id="034AC9E5-683F-F19F-DBFD-621BF3AAA28A">
<createdBy>VHAHAMWandlJ</createdBy>
<createdTime>2021-02-17 21:06:43 UTC</createdTime>
<ownerDesignName>eRx Database Model v4</ownerDesignName>
<privileges>SELECT</privileges>
<table>72ED0D36-1280-2742-8F34-E6EC58EC4805</table>
</Permission>
<Permission class="oracle.dbtools.crest.model.design.storage.oracle.v10g.PermissionsOraclev10g" name="Permissions12" id="9C00E162-30B9-9C55-A5B8-B96BEADEC433">
<createdBy>VHAHAMWandlJ</createdBy>
<createdTime>2021-02-17 21:06:43 UTC</createdTime>
<ownerDesignName>eRx Database Model v4</ownerDesignName>
<privileges>SELECT</privileges>
<table>5631E1AD-7690-24E8-19EE-24FBC7E67244</table>
</Permission>
<Permission class="oracle.dbtools.crest.model.design.storage.oracle.v10g.PermissionsOraclev10g" name="Permissions13" id="9CC64ACA-9887-12E3-DDCA-205F70DE8203">
<createdBy>VHAHAMWandlJ</createdBy>
<createdTime>2021-02-17 21:06:43 UTC</createdTime>
<ownerDesignName>eRx Database Model v4</ownerDesignName>
<privileges>SELECT</privileges>
<table>437A0196-1944-77DD-F03B-AB8CCD12D000</table>
</Permission>
<Permission class="oracle.dbtools.crest.model.design.storage.oracle.v10g.PermissionsOraclev10g" name="Permissions14" id="D105DFC3-A3FD-78DD-95C2-20732914A797">
<createdBy>VHAHAMWandlJ</createdBy>
<createdTime>2021-02-17 21:06:43 UTC</createdTime>
<ownerDesignName>eRx Database Model v4</ownerDesignName>
<privileges>SELECT</privileges>
<table>14B64BBA-4A2B-FF3E-C2EC-D7D41222CD99</table>
</Permission>
<Permission class="oracle.dbtools.crest.model.design.storage.oracle.v10g.PermissionsOraclev10g" name="Permissions15" id="DF968948-A4FD-8194-7BA5-F5D227A80FA1">
<createdBy>VHAHAMWandlJ</createdBy>
<createdTime>2021-02-17 21:06:43 UTC</createdTime>
<ownerDesignName>eRx Database Model v4</ownerDesignName>
<privileges>SELECT</privileges>
<table>98B29F0B-C1CF-AA82-C358-EB1E409AF36B</table>
</Permission>
<Permission class="oracle.dbtools.crest.model.design.storage.oracle.v10g.PermissionsOraclev10g" name="Permissions16" id="5114B9DD-4BCF-2B80-C067-A0B5B359447D">
<createdBy>VHAHAMWandlJ</createdBy>
<createdTime>2021-02-17 21:06:43 UTC</createdTime>
<ownerDesignName>eRx Database Model v4</ownerDesignName>
<privileges>SELECT</privileges>
<table>1C229B5D-C234-6808-4791-88758450DEEA</table>
</Permission>
<Permission class="oracle.dbtools.crest.model.design.storage.oracle.v10g.PermissionsOraclev10g" name="Permissions17" id="A3A29273-133E-C218-4CD7-6E6E916B286F">
<createdBy>VHAHAMWandlJ</createdBy>
<createdTime>2021-02-17 21:06:43 UTC</createdTime>
<ownerDesignName>eRx Database Model v4</ownerDesignName>
<privileges>SELECT</privileges>
<table>263238A7-C0B3-24D4-8F5E-8506BB71293E</table>
</Permission>
<Permission class="oracle.dbtools.crest.model.design.storage.oracle.v10g.PermissionsOraclev10g" name="Permissions18" id="2AD89CA9-7D9F-716B-B96F-534FC10158A0">
<createdBy>VHAHAMWandlJ</createdBy>
<createdTime>2021-02-17 21:06:43 UTC</createdTime>
<ownerDesignName>eRx Database Model v4</ownerDesignName>
<privileges>SELECT</privileges>
<table>2C15DBC2-E918-C75D-E2EF-BB752248C680</table>
</Permission>
<Permission class="oracle.dbtools.crest.model.design.storage.oracle.v10g.PermissionsOraclev10g" name="Permissions19" id="19A7A369-FA3E-0BD2-57F0-86ABD8447EB8">
<createdBy>VHAHAMWandlJ</createdBy>
<createdTime>2021-02-17 21:06:43 UTC</createdTime>
<ownerDesignName>eRx Database Model v4</ownerDesignName>
<privileges>SELECT</privileges>
<table>913C9062-1FE8-B742-D3CB-9B6FEB99DD98</table>
</Permission>
<Permission class="oracle.dbtools.crest.model.design.storage.oracle.v10g.PermissionsOraclev10g" name="Permissions20" id="D51AADFE-98F1-BC00-8D47-67763C4D6742">
<createdBy>VHAHAMWandlJ</createdBy>
<createdTime>2021-02-17 21:06:43 UTC</createdTime>
<ownerDesignName>eRx Database Model v4</ownerDesignName>
<privileges>SELECT</privileges>
<table>285F5189-04D6-FA54-1D2E-080E59A595AC</table>
</Permission>
</permissions>
</RoleOraclev10g>