<?xml version = '1.0' encoding = 'UTF-8'?>
<RoleOraclev10g class="oracle.dbtools.crest.model.design.storage.oracle.v10g.RoleOraclev10g" name="ERX_UPDATE_ROLE" directorySegmentName="seg_0" id="C3692E4D-D808-81CC-C693-E79FCF975A48">
<sourceConnName>erd3_erx_19c</sourceConnName>
<sourceObjName>ERX_UPDATE_ROLE</sourceObjName>
<createdBy>VHAHAMWandlJ</createdBy>
<createdTime>2021-02-17 21:06:43 UTC</createdTime>
<ownerDesignName>eRx Database Model v4</ownerDesignName>
<permissions>
<Permission class="oracle.dbtools.crest.model.design.storage.oracle.v10g.PermissionsOraclev10g" name="Permissions1" id="A8E4CE2C-E49D-FB54-A8E0-191A1C7FB6D6">
<createdBy>VHAHAMWandlJ</createdBy>
<createdTime>2021-02-17 21:06:43 UTC</createdTime>
<ownerDesignName>eRx Database Model v4</ownerDesignName>
<privileges>DELETE, INSERT, SELECT, UPDATE</privileges>
<table>98B29F0B-C1CF-AA82-C358-EB1E409AF36B</table>
</Permission>
<Permission class="oracle.dbtools.crest.model.design.storage.oracle.v10g.PermissionsOraclev10g" name="Permissions2" id="E4E4A307-E12E-EB79-E8CC-E49BD6A6ABAA">
<createdBy>VHAHAMWandlJ</createdBy>
<createdTime>2021-02-17 21:06:43 UTC</createdTime>
<ownerDesignName>eRx Database Model v4</ownerDesignName>
<privileges>DELETE, INSERT, SELECT, UPDATE</privileges>
<table>2C15DBC2-E918-C75D-E2EF-BB752248C680</table>
</Permission>
<Permission class="oracle.dbtools.crest.model.design.storage.oracle.v10g.PermissionsOraclev10g" name="Permissions21" id="7FDCF085-2DB0-0C64-6FB5-05FB25DCCCD6">
<createdBy>VHAHAMWandlJ</createdBy>
<createdTime>2021-02-17 21:06:43 UTC</createdTime>
<ownerDesignName>eRx Database Model v4</ownerDesignName>
<privileges>SELECT</privileges>
<table>14B64BBA-4A2B-FF3E-C2EC-D7D41222CD99</table>
</Permission>
<Permission class="oracle.dbtools.crest.model.design.storage.oracle.v10g.PermissionsOraclev10g" name="Permissions22" id="DD352B3D-B216-4077-9811-1B5849429429">
<createdBy>VHAHAMWandlJ</createdBy>
<createdTime>2021-02-17 21:06:43 UTC</createdTime>
<ownerDesignName>eRx Database Model v4</ownerDesignName>
<privileges>SELECT</privileges>
<table>913C9062-1FE8-B742-D3CB-9B6FEB99DD98</table>
</Permission>
<Permission class="oracle.dbtools.crest.model.design.storage.oracle.v10g.PermissionsOraclev10g" name="Permissions3" id="39BDF5E9-DAC7-E803-ED3E-C11023C004AB">
<createdBy>VHAHAMWandlJ</createdBy>
<createdTime>2021-02-17 21:06:43 UTC</createdTime>
<ownerDesignName>eRx Database Model v4</ownerDesignName>
<privileges>DELETE, INSERT, SELECT, UPDATE</privileges>
<table>285F5189-04D6-FA54-1D2E-080E59A595AC</table>
</Permission>
<Permission class="oracle.dbtools.crest.model.design.storage.oracle.v10g.PermissionsOraclev10g" name="Permissions4" id="10C5E561-6E19-10EC-71BB-46121B15B338">
<createdBy>VHAHAMWandlJ</createdBy>
<createdTime>2021-02-17 21:06:43 UTC</createdTime>
<ownerDesignName>eRx Database Model v4</ownerDesignName>
<privileges>INSERT, SELECT, UPDATE</privileges>
<table>1259F7C1-B02B-BE6E-B209-BF677C119070</table>
</Permission>
<Permission class="oracle.dbtools.crest.model.design.storage.oracle.v10g.PermissionsOraclev10g" name="Permissions5" id="2C365786-9384-7477-4182-7B13627FEB7A">
<createdBy>VHAHAMWandlJ</createdBy>
<createdTime>2021-02-17 21:06:43 UTC</createdTime>
<ownerDesignName>eRx Database Model v4</ownerDesignName>
<privileges>INSERT, SELECT, UPDATE</privileges>
<table>72ED0D36-1280-2742-8F34-E6EC58EC4805</table>
</Permission>
<Permission class="oracle.dbtools.crest.model.design.storage.oracle.v10g.PermissionsOraclev10g" name="Permissions6" id="40339D6D-6939-329E-1BFA-DE6E1B5D8997">
<createdBy>VHAHAMWandlJ</createdBy>
<createdTime>2021-02-17 21:06:43 UTC</createdTime>
<ownerDesignName>eRx Database Model v4</ownerDesignName>
<privileges>INSERT, SELECT, UPDATE</privileges>
<table>5631E1AD-7690-24E8-19EE-24FBC7E67244</table>
</Permission>
<Permission class="oracle.dbtools.crest.model.design.storage.oracle.v10g.PermissionsOraclev10g" name="Permissions7" id="D78C8427-4618-A9C7-DA2B-8C6E53CC35AD">
<createdBy>VHAHAMWandlJ</createdBy>
<createdTime>2021-02-17 21:06:43 UTC</createdTime>
<ownerDesignName>eRx Database Model v4</ownerDesignName>
<privileges>INSERT, SELECT, UPDATE</privileges>
<table>437A0196-1944-77DD-F03B-AB8CCD12D000</table>
</Permission>
<Permission class="oracle.dbtools.crest.model.design.storage.oracle.v10g.PermissionsOraclev10g" name="Permissions8" id="11657458-8642-4649-9555-413D620EBCE3">
<createdBy>VHAHAMWandlJ</createdBy>
<createdTime>2021-02-17 21:06:43 UTC</createdTime>
<ownerDesignName>eRx Database Model v4</ownerDesignName>
<privileges>INSERT, SELECT, UPDATE</privileges>
<table>1C229B5D-C234-6808-4791-88758450DEEA</table>
</Permission>
<Permission class="oracle.dbtools.crest.model.design.storage.oracle.v10g.PermissionsOraclev10g" name="Permissions9" id="93F385FB-933E-6791-5441-65108E6C4749">
<createdBy>VHAHAMWandlJ</createdBy>
<createdTime>2021-02-17 21:06:43 UTC</createdTime>
<ownerDesignName>eRx Database Model v4</ownerDesignName>
<privileges>INSERT, SELECT, UPDATE</privileges>
<table>263238A7-C0B3-24D4-8F5E-8506BB71293E</table>
</Permission>
</permissions>
</RoleOraclev10g>