<?xml version = '1.0' encoding = 'UTF-8'?>
<SegmentOraclev10g class="oracle.dbtools.crest.model.design.storage.oracle.v10g.SegmentOraclev10g" name="Storage10" directorySegmentName="seg_0" id="82C8CA70-1248-AF88-7947-8CA07A545C8F">
<createdBy>VHAHAMWandlJ</createdBy>
<createdTime>2021-02-17 21:05:48 UTC</createdTime>
<ownerDesignName>eRx Database Model v4</ownerDesignName>
<initrans>2</initrans>
<maxTrans>255</maxTrans>
<scInitialExtent>65536</scInitialExtent>
<scMaxExtents>2147483645</scMaxExtents>
<scNextExtent>1048576</scNextExtent>
</SegmentOraclev10g>