<?xml version = '1.0' encoding = 'UTF-8'?>
<SegmentOraclev10g class="oracle.dbtools.crest.model.design.storage.oracle.v10g.SegmentOraclev10g" name="Storage31" directorySegmentName="seg_0" id="D95B6168-10F3-5095-C117-2C64A81E6105">
<createdBy>VHAHAMWandlJ</createdBy>
<createdTime>2021-02-17 21:05:52 UTC</createdTime>
<ownerDesignName>eRx Database Model v4</ownerDesignName>
<maxTrans>255</maxTrans>
<scInitialExtent>8388608</scInitialExtent>
<scMaxExtents>2147483645</scMaxExtents>
<scNextExtent>1048576</scNextExtent>
</SegmentOraclev10g>