<?xml version = '1.0' encoding = 'UTF-8'?>
<Diagram class="oracle.dbtools.crest.swingui.relational.DPVRelational" name="Relational_1" id="E6884D3F-FA10-D380-E567-A9B608486FAC">
<createdBy>VHAHAMWandlJ</createdBy>
<modifiedBy>VHAHAMWandlJ</modifiedBy>
<createdTime>2021-02-17 20:58:04 UTC</createdTime>
<autoRoute>false</autoRoute>
<boxInbox>true</boxInbox>
<showLegend>false</showLegend>
<showLabels>false</showLabels>
<showRelAttributes>false</showRelAttributes>
<gridEnabled>false</gridEnabled>
<showGrid>false</showGrid>
<diagramColor>-1</diagramColor>
<display>false</display>
<notation>1</notation>
<objectViews>
<OView class="oracle.dbtools.crest.swingui.relational.TVTable" oid="1259F7C1-B02B-BE6E-B209-BF677C119070" otype="Table" vid="EF10A46B-3126-CECD-DDEE-4DD3F561A099">
<hideElementsInCurrentOnly>false</hideElementsInCurrentOnly>
<bounds x="519" y="940" width="261" height="122"/>
</OView>
<OView class="oracle.dbtools.crest.swingui.relational.TVTable" oid="14B64BBA-4A2B-FF3E-C2EC-D7D41222CD99" otype="Table" vid="29296E1A-E24C-73DD-789C-D3382E843532">
<hideElementsInCurrentOnly>false</hideElementsInCurrentOnly>
<bounds x="889" y="24" width="345" height="656"/>
</OView>
<OView class="oracle.dbtools.crest.swingui.relational.TVTable" oid="1C229B5D-C234-6808-4791-88758450DEEA" otype="Table" vid="0D53B531-3FCC-F380-A8A6-1EECF94A7D20">
<hideElementsInCurrentOnly>false</hideElementsInCurrentOnly>
<bounds x="891" y="805" width="330" height="124"/>
</OView>
<OView class="oracle.dbtools.crest.swingui.relational.TVTable" oid="263238A7-C0B3-24D4-8F5E-8506BB71293E" otype="Table" vid="DF626F80-4FF3-DCF2-F552-A5DCB29A96E6">
<hideElementsInCurrentOnly>false</hideElementsInCurrentOnly>
<bounds x="20" y="740" width="338" height="324"/>
</OView>
<OView class="oracle.dbtools.crest.swingui.relational.TVTable" oid="285F5189-04D6-FA54-1D2E-080E59A595AC" otype="Table" vid="E427057B-F85C-11ED-FA0F-35BA6D39C36F">
<hideElementsInCurrentOnly>false</hideElementsInCurrentOnly>
<bounds x="519" y="639" width="274" height="290"/>
</OView>
<OView class="oracle.dbtools.crest.swingui.relational.TVTable" oid="2C15DBC2-E918-C75D-E2EF-BB752248C680" otype="Table" vid="2933DBB9-3126-6074-FB7B-33956794F7D6">
<hideElementsInCurrentOnly>false</hideElementsInCurrentOnly>
<bounds x="519" y="20" width="320" height="576"/>
</OView>
<OView class="oracle.dbtools.crest.swingui.relational.TVTable" oid="437A0196-1944-77DD-F03B-AB8CCD12D000" otype="Table" vid="F203024B-25C7-41CB-B977-9BD28EDC3A65">
<hideElementsInCurrentOnly>false</hideElementsInCurrentOnly>
<bounds x="20" y="20" width="353" height="464"/>
</OView>
<OView class="oracle.dbtools.crest.swingui.relational.TVTable" oid="5631E1AD-7690-24E8-19EE-24FBC7E67244" otype="Table" vid="4C7FEC0B-B41F-96F3-9987-4A597EB3C3F6">
<hideElementsInCurrentOnly>false</hideElementsInCurrentOnly>
<bounds x="20" y="544" width="271" height="136"/>
</OView>
<OView class="oracle.dbtools.crest.swingui.relational.TVTable" oid="72ED0D36-1280-2742-8F34-E6EC58EC4805" otype="Table" vid="A8CC0DE9-2F77-46EA-84D1-B6D032187EAA">
<hideElementsInCurrentOnly>false</hideElementsInCurrentOnly>
<bounds x="893" y="717" width="236" height="68"/>
</OView>
<OView class="oracle.dbtools.crest.swingui.relational.TVTable" oid="913C9062-1FE8-B742-D3CB-9B6FEB99DD98" otype="Table" vid="DBAFD0A0-6F6C-1847-B2C5-BCCC75714E3F">
<hideElementsInCurrentOnly>false</hideElementsInCurrentOnly>
<bounds x="893" y="953" width="242" height="54"/>
</OView>
</objectViews>
<connectors>
<Connector class="oracle.dbtools.crest.swingui.relational.TVFKRelation" oid="614EFA4B-F6A3-6671-7908-0CAEFF4066BE" otype="FKIndexAssociation" vid_source="E427057B-F85C-11ED-FA0F-35BA6D39C36F" vid_target="2933DBB9-3126-6074-FB7B-33956794F7D6">
<hideElementsInCurrentOnly>false</hideElementsInCurrentOnly>
<backgroundColor>-16777216</backgroundColor>
<lineWidth>1</lineWidth>
<points>
<point x="656" y="639"/>
<point x="656" y="596"/>
</points>
</Connector>
<Connector class="oracle.dbtools.crest.swingui.relational.TVFKRelation" oid="6FCA5FDF-4420-7979-6548-0B6D18619D36" otype="FKIndexAssociation" vid_source="E427057B-F85C-11ED-FA0F-35BA6D39C36F" vid_target="2933DBB9-3126-6074-FB7B-33956794F7D6">
<hideElementsInCurrentOnly>false</hideElementsInCurrentOnly>
<backgroundColor>-16777216</backgroundColor>
<lineWidth>1</lineWidth>
<points>
<point x="671" y="639"/>
<point x="671" y="596"/>
</points>
</Connector>
<Connector class="oracle.dbtools.crest.swingui.relational.TVFKRelation" oid="97EEE90E-4CBA-17D5-AA1B-55D92A464A96" otype="FKIndexAssociation" vid_source="4C7FEC0B-B41F-96F3-9987-4A597EB3C3F6" vid_target="DF626F80-4FF3-DCF2-F552-A5DCB29A96E6">
<hideElementsInCurrentOnly>false</hideElementsInCurrentOnly>
<backgroundColor>-16777216</backgroundColor>
<lineWidth>1</lineWidth>
<points>
<point x="155" y="680"/>
<point x="155" y="740"/>
</points>
</Connector>
<Connector class="oracle.dbtools.crest.swingui.relational.TVFKRelation" oid="ACE52F0A-18C8-2B55-8ABE-55F0E46C9270" otype="FKIndexAssociation" vid_source="4C7FEC0B-B41F-96F3-9987-4A597EB3C3F6" vid_target="F203024B-25C7-41CB-B977-9BD28EDC3A65">
<hideElementsInCurrentOnly>false</hideElementsInCurrentOnly>
<backgroundColor>-16777216</backgroundColor>
<lineWidth>1</lineWidth>
<points>
<point x="155" y="544"/>
<point x="155" y="484"/>
</points>
</Connector>
<Connector class="oracle.dbtools.crest.swingui.relational.TVFKRelation" oid="C68B986F-F7BF-7BEE-2687-78C6154FD927" otype="FKIndexAssociation" vid_source="2933DBB9-3126-6074-FB7B-33956794F7D6" vid_target="F203024B-25C7-41CB-B977-9BD28EDC3A65">
<hideElementsInCurrentOnly>false</hideElementsInCurrentOnly>
<backgroundColor>-16777216</backgroundColor>
<lineWidth>1</lineWidth>
<points>
<point x="519" y="252"/>
<point x="373" y="252"/>
</points>
</Connector>
<Connector class="oracle.dbtools.crest.swingui.relational.TVFKRelation" oid="E2EC5355-8F4B-F655-871C-6D00C07DEEC0" otype="FKIndexAssociation" vid_source="4C7FEC0B-B41F-96F3-9987-4A597EB3C3F6" vid_target="F203024B-25C7-41CB-B977-9BD28EDC3A65">
<hideElementsInCurrentOnly>false</hideElementsInCurrentOnly>
<backgroundColor>-16777216</backgroundColor>
<lineWidth>1</lineWidth>
<points>
<point x="185" y="544"/>
<point x="185" y="484"/>
</points>
</Connector>
<Connector class="oracle.dbtools.crest.swingui.relational.TVFKRelation" oid="E4562ED9-6EBD-7C52-6D87-077A041382B4" otype="FKIndexAssociation" vid_source="4C7FEC0B-B41F-96F3-9987-4A597EB3C3F6" vid_target="F203024B-25C7-41CB-B977-9BD28EDC3A65">
<hideElementsInCurrentOnly>false</hideElementsInCurrentOnly>
<backgroundColor>-16777216</backgroundColor>
<lineWidth>1</lineWidth>
<points>
<point x="170" y="544"/>
<point x="170" y="484"/>
</points>
</Connector>
<Connector class="oracle.dbtools.crest.swingui.relational.TVFKRelation" oid="E5E5C809-4D2E-BE81-C781-B6317AD944F7" otype="FKIndexAssociation" vid_source="4C7FEC0B-B41F-96F3-9987-4A597EB3C3F6" vid_target="F203024B-25C7-41CB-B977-9BD28EDC3A65">
<hideElementsInCurrentOnly>false</hideElementsInCurrentOnly>
<backgroundColor>-16777216</backgroundColor>
<lineWidth>1</lineWidth>
<points>
<point x="140" y="544"/>
<point x="140" y="484"/>
</points>
</Connector>
<Connector class="oracle.dbtools.crest.swingui.relational.TVFKRelation" oid="EB7E09AD-5513-BF66-E5C7-E78F824C1457" otype="FKIndexAssociation" vid_source="2933DBB9-3126-6074-FB7B-33956794F7D6" vid_target="DF626F80-4FF3-DCF2-F552-A5DCB29A96E6">
<hideElementsInCurrentOnly>false</hideElementsInCurrentOnly>
<backgroundColor>-16777216</backgroundColor>
<lineWidth>1</lineWidth>
<points>
<point x="519" y="501"/>
<point x="322" y="740"/>
</points>
</Connector>
</connectors>
</Diagram>
