<?xml version = '1.0' encoding = 'UTF-8'?>
<Table class="oracle.dbtools.crest.model.design.relational.Table" directorySegmentName="seg_0" id="1259F7C1-B02B-BE6E-B209-BF677C119070" schemaObject="B30EB6F8-3729-5C21-2C5D-963BAA817587" name="APP_CONFIGURATION">
<sourceConnName>erd3_erx_19c</sourceConnName>
<sourceObjSchema>ERX</sourceObjSchema>
<sourceObjName>APP_CONFIGURATION</sourceObjName>
<createdBy>VHAHAMWandlJ</createdBy>
<createdTime>2021-02-17 21:05:43 UTC</createdTime>
<ownerDesignName>eRx Database Model v4</ownerDesignName>
<allowColumnReorder>false</allowColumnReorder>
<existDependencyGenerateInDDl>true</existDependencyGenerateInDDl>
<parsed>true</parsed>
<columns itemClass="oracle.dbtools.crest.model.design.relational.Column">
<Column name="KEY" id="F3253993-72DA-E14F-CD77-DE1D218F1192">
<sourceConnName>erd3_erx_19c</sourceConnName>
<sourceObjSchema>APP_CONFIGURATION</sourceObjSchema>
<sourceObjName>KEY</sourceObjName>
<createdBy>VHAHAMWandlJ</createdBy>
<createdTime>2021-02-17 21:05:44 UTC</createdTime>
<ownerDesignName>eRx Database Model v4</ownerDesignName>
<useDomainConstraints>false</useDomainConstraints>
<use>1</use>
<logicalDatatype>LOGDT024</logicalDatatype>
<dataTypeSize>15 BYTE</dataTypeSize>
<ownDataTypeParameters>15 BYTE,,</ownDataTypeParameters>
<autoIncrementCycle>false</autoIncrementCycle>
</Column>
<Column name="VALUE" id="EB5E2A80-5A7D-FCC8-0F9C-7CAFE79075A8">
<sourceConnName>erd3_erx_19c</sourceConnName>
<sourceObjSchema>APP_CONFIGURATION</sourceObjSchema>
<sourceObjName>VALUE</sourceObjName>
<createdBy>VHAHAMWandlJ</createdBy>
<createdTime>2021-02-17 21:05:44 UTC</createdTime>
<ownerDesignName>eRx Database Model v4</ownerDesignName>
<nullsAllowed>true</nullsAllowed>
<useDomainConstraints>false</useDomainConstraints>
<use>1</use>
<logicalDatatype>LOGDT024</logicalDatatype>
<dataTypeSize>2000 BYTE</dataTypeSize>
<ownDataTypeParameters>2000 BYTE,,</ownDataTypeParameters>
<autoIncrementCycle>false</autoIncrementCycle>
</Column>
<Column name="UPDATED_DATE" id="0387F0F2-B54A-51C9-B798-EFCA43B67E17">
<sourceConnName>erd3_erx_19c</sourceConnName>
<sourceObjSchema>APP_CONFIGURATION</sourceObjSchema>
<sourceObjName>UPDATED_DATE</sourceObjName>
<createdBy>VHAHAMWandlJ</createdBy>
<createdTime>2021-02-17 21:05:44 UTC</createdTime>
<ownerDesignName>eRx Database Model v4</ownerDesignName>
<nullsAllowed>true</nullsAllowed>
<useDomainConstraints>false</useDomainConstraints>
<use>1</use>
<logicalDatatype>LOGDT007</logicalDatatype>
<dataTypeSize>7</dataTypeSize>
<ownDataTypeParameters>7,,</ownDataTypeParameters>
<autoIncrementCycle>false</autoIncrementCycle>
</Column>
<Column name="CREATED_DATE" id="A982EF29-E09E-7EDB-7BEE-917DECB46BA9">
<sourceConnName>erd3_erx_19c</sourceConnName>
<sourceObjSchema>APP_CONFIGURATION</sourceObjSchema>
<sourceObjName>CREATED_DATE</sourceObjName>
<createdBy>VHAHAMWandlJ</createdBy>
<createdTime>2021-02-17 21:05:44 UTC</createdTime>
<ownerDesignName>eRx Database Model v4</ownerDesignName>
<nullsAllowed>true</nullsAllowed>
<useDomainConstraints>false</useDomainConstraints>
<use>1</use>
<logicalDatatype>LOGDT007</logicalDatatype>
<dataTypeSize>7</dataTypeSize>
<ownDataTypeParameters>7,,</ownDataTypeParameters>
<autoIncrementCycle>false</autoIncrementCycle>
</Column>
</columns>
<indexes itemClass="oracle.dbtools.crest.model.design.relational.Index">
<ind_PK_UK id="9B5594EE-DF15-276A-C73B-14849EFCA0D1" name="APP_CONFIGURATION_PK">
<sourceConnName>erd3_erx_19c</sourceConnName>
<sourceObjSchema>ERX</sourceObjSchema>
<sourceObjName>APP_CONFIGURATION_PK</sourceObjName>
<createdBy>VHAHAMWandlJ</createdBy>
<createdTime>2021-02-17 21:05:49 UTC</createdTime>
<ownerDesignName>eRx Database Model v4</ownerDesignName>
<pk>true</pk>
<indexState>Primary Constraint</indexState>
<isSurrogateKey>false</isSurrogateKey>
<indexColumnUsage>
<colUsage columnID="F3253993-72DA-E14F-CD77-DE1D218F1192"/>
</indexColumnUsage>
</ind_PK_UK>
<ind_PK_UK id="34FE5569-2405-208E-D1B2-6E08E649A4C4" schemaObject="B30EB6F8-3729-5C21-2C5D-963BAA817587" name="APP_CONFIGURATION_PK">
<sourceConnName>erd3_erx_19c</sourceConnName>
<sourceObjSchema>ERX</sourceObjSchema>
<sourceObjName>APP_CONFIGURATION_PK</sourceObjName>
<createdBy>VHAHAMWandlJ</createdBy>
<createdTime>2021-02-17 21:05:48 UTC</createdTime>
<ownerDesignName>eRx Database Model v4</ownerDesignName>
<indexState>Unique Plain Index</indexState>
<isSurrogateKey>false</isSurrogateKey>
<indexColumnUsage>
<colUsage columnID="F3253993-72DA-E14F-CD77-DE1D218F1192"/>
</indexColumnUsage>
</ind_PK_UK>
</indexes>
</Table>