<?xml version = '1.0' encoding = 'UTF-8'?>
<Table class="oracle.dbtools.crest.model.design.relational.Table" directorySegmentName="seg_0" id="14B64BBA-4A2B-FF3E-C2EC-D7D41222CD99" schemaObject="B30EB6F8-3729-5C21-2C5D-963BAA817587" name="LOINC_CODE">
<sourceConnName>erd3_erx_19c</sourceConnName>
<sourceObjSchema>ERX</sourceObjSchema>
<sourceObjName>LOINC_CODE</sourceObjName>
<createdBy>VHAHAMWandlJ</createdBy>
<createdTime>2021-02-17 21:05:43 UTC</createdTime>
<ownerDesignName>eRx Database Model v4</ownerDesignName>
<allowColumnReorder>false</allowColumnReorder>
<existDependencyGenerateInDDl>true</existDependencyGenerateInDDl>
<parsed>true</parsed>
<columns itemClass="oracle.dbtools.crest.model.design.relational.Column">
<Column name="LOINC_NUM" id="C40BD3F6-5BE9-0E09-C6BA-C61DE97FB767">
<sourceConnName>erd3_erx_19c</sourceConnName>
<sourceObjSchema>LOINC_CODE</sourceObjSchema>
<sourceObjName>LOINC_NUM</sourceObjName>
<createdBy>VHAHAMWandlJ</createdBy>
<createdTime>2021-02-17 21:05:44 UTC</createdTime>
<ownerDesignName>eRx Database Model v4</ownerDesignName>
<nullsAllowed>true</nullsAllowed>
<useDomainConstraints>false</useDomainConstraints>
<use>1</use>
<logicalDatatype>LOGDT024</logicalDatatype>
<dataTypeSize>26 BYTE</dataTypeSize>
<ownDataTypeParameters>26 BYTE,,</ownDataTypeParameters>
<autoIncrementCycle>false</autoIncrementCycle>
</Column>
<Column name="COMPONENT" id="87CDC034-8B7C-4F61-1409-A6BC6C859EBC">
<sourceConnName>erd3_erx_19c</sourceConnName>
<sourceObjSchema>LOINC_CODE</sourceObjSchema>
<sourceObjName>COMPONENT</sourceObjName>
<createdBy>VHAHAMWandlJ</createdBy>
<createdTime>2021-02-17 21:05:44 UTC</createdTime>
<ownerDesignName>eRx Database Model v4</ownerDesignName>
<nullsAllowed>true</nullsAllowed>
<useDomainConstraints>false</useDomainConstraints>
<use>1</use>
<logicalDatatype>LOGDT024</logicalDatatype>
<dataTypeSize>500 BYTE</dataTypeSize>
<ownDataTypeParameters>500 BYTE,,</ownDataTypeParameters>
<autoIncrementCycle>false</autoIncrementCycle>
</Column>
<Column name="PROPERTY" id="DFFA8BA1-73B5-2B67-1137-053DE581DCFF">
<sourceConnName>erd3_erx_19c</sourceConnName>
<sourceObjSchema>LOINC_CODE</sourceObjSchema>
<sourceObjName>PROPERTY</sourceObjName>
<createdBy>VHAHAMWandlJ</createdBy>
<createdTime>2021-02-17 21:05:44 UTC</createdTime>
<ownerDesignName>eRx Database Model v4</ownerDesignName>
<nullsAllowed>true</nullsAllowed>
<useDomainConstraints>false</useDomainConstraints>
<use>1</use>
<logicalDatatype>LOGDT024</logicalDatatype>
<dataTypeSize>50 BYTE</dataTypeSize>
<ownDataTypeParameters>50 BYTE,,</ownDataTypeParameters>
<autoIncrementCycle>false</autoIncrementCycle>
</Column>
<Column name="TIME_ASPCT" id="DCA4660F-CB59-FC66-1F85-726170C87EC8">
<sourceConnName>erd3_erx_19c</sourceConnName>
<sourceObjSchema>LOINC_CODE</sourceObjSchema>
<sourceObjName>TIME_ASPCT</sourceObjName>
<createdBy>VHAHAMWandlJ</createdBy>
<createdTime>2021-02-17 21:05:44 UTC</createdTime>
<ownerDesignName>eRx Database Model v4</ownerDesignName>
<nullsAllowed>true</nullsAllowed>
<useDomainConstraints>false</useDomainConstraints>
<use>1</use>
<logicalDatatype>LOGDT024</logicalDatatype>
<dataTypeSize>26 BYTE</dataTypeSize>
<ownDataTypeParameters>26 BYTE,,</ownDataTypeParameters>
<autoIncrementCycle>false</autoIncrementCycle>
</Column>
<Column name="SYSTEM" id="6497FBEC-764F-179E-B33C-8DB557830903">
<sourceConnName>erd3_erx_19c</sourceConnName>
<sourceObjSchema>LOINC_CODE</sourceObjSchema>
<sourceObjName>SYSTEM</sourceObjName>
<createdBy>VHAHAMWandlJ</createdBy>
<createdTime>2021-02-17 21:05:44 UTC</createdTime>
<ownerDesignName>eRx Database Model v4</ownerDesignName>
<nullsAllowed>true</nullsAllowed>
<useDomainConstraints>false</useDomainConstraints>
<use>1</use>
<logicalDatatype>LOGDT024</logicalDatatype>
<dataTypeSize>400 BYTE</dataTypeSize>
<ownDataTypeParameters>400 BYTE,,</ownDataTypeParameters>
<autoIncrementCycle>false</autoIncrementCycle>
</Column>
<Column name="SCALE_TYP" id="67988464-5394-7A6F-969A-7FAAC0772480">
<sourceConnName>erd3_erx_19c</sourceConnName>
<sourceObjSchema>LOINC_CODE</sourceObjSchema>
<sourceObjName>SCALE_TYP</sourceObjName>
<createdBy>VHAHAMWandlJ</createdBy>
<createdTime>2021-02-17 21:05:44 UTC</createdTime>
<ownerDesignName>eRx Database Model v4</ownerDesignName>
<nullsAllowed>true</nullsAllowed>
<useDomainConstraints>false</useDomainConstraints>
<use>1</use>
<logicalDatatype>LOGDT024</logicalDatatype>
<dataTypeSize>26 BYTE</dataTypeSize>
<ownDataTypeParameters>26 BYTE,,</ownDataTypeParameters>
<autoIncrementCycle>false</autoIncrementCycle>
</Column>
<Column name="METHOD_TYP" id="FE7BFEE9-61B9-D420-D8DC-EC2688AEE972">
<sourceConnName>erd3_erx_19c</sourceConnName>
<sourceObjSchema>LOINC_CODE</sourceObjSchema>
<sourceObjName>METHOD_TYP</sourceObjName>
<createdBy>VHAHAMWandlJ</createdBy>
<createdTime>2021-02-17 21:05:44 UTC</createdTime>
<ownerDesignName>eRx Database Model v4</ownerDesignName>
<nullsAllowed>true</nullsAllowed>
<useDomainConstraints>false</useDomainConstraints>
<use>1</use>
<logicalDatatype>LOGDT024</logicalDatatype>
<dataTypeSize>100 BYTE</dataTypeSize>
<ownDataTypeParameters>100 BYTE,,</ownDataTypeParameters>
<autoIncrementCycle>false</autoIncrementCycle>
</Column>
<Column name="CLASS" id="4F1762CA-7620-AFCA-B743-E449F86AA26B">
<sourceConnName>erd3_erx_19c</sourceConnName>
<sourceObjSchema>LOINC_CODE</sourceObjSchema>
<sourceObjName>CLASS</sourceObjName>
<createdBy>VHAHAMWandlJ</createdBy>
<createdTime>2021-02-17 21:05:44 UTC</createdTime>
<ownerDesignName>eRx Database Model v4</ownerDesignName>
<nullsAllowed>true</nullsAllowed>
<useDomainConstraints>false</useDomainConstraints>
<use>1</use>
<logicalDatatype>LOGDT024</logicalDatatype>
<dataTypeSize>26 BYTE</dataTypeSize>
<ownDataTypeParameters>26 BYTE,,</ownDataTypeParameters>
<autoIncrementCycle>false</autoIncrementCycle>
</Column>
<Column name="VERSIONLASTCHANGED" id="3F5F2671-2344-7E23-56B1-33667BAC8F66">
<sourceConnName>erd3_erx_19c</sourceConnName>
<sourceObjSchema>LOINC_CODE</sourceObjSchema>
<sourceObjName>VERSIONLASTCHANGED</sourceObjName>
<createdBy>VHAHAMWandlJ</createdBy>
<createdTime>2021-02-17 21:05:44 UTC</createdTime>
<ownerDesignName>eRx Database Model v4</ownerDesignName>
<nullsAllowed>true</nullsAllowed>
<useDomainConstraints>false</useDomainConstraints>
<use>1</use>
<logicalDatatype>LOGDT024</logicalDatatype>
<dataTypeSize>50 BYTE</dataTypeSize>
<ownDataTypeParameters>50 BYTE,,</ownDataTypeParameters>
<autoIncrementCycle>false</autoIncrementCycle>
</Column>
<Column name="CHNG_TYPE" id="CA0206B8-50F1-99BB-3620-F8AE2A5806EB">
<sourceConnName>erd3_erx_19c</sourceConnName>
<sourceObjSchema>LOINC_CODE</sourceObjSchema>
<sourceObjName>CHNG_TYPE</sourceObjName>
<createdBy>VHAHAMWandlJ</createdBy>
<createdTime>2021-02-17 21:05:44 UTC</createdTime>
<ownerDesignName>eRx Database Model v4</ownerDesignName>
<nullsAllowed>true</nullsAllowed>
<useDomainConstraints>false</useDomainConstraints>
<use>1</use>
<logicalDatatype>LOGDT024</logicalDatatype>
<dataTypeSize>26 BYTE</dataTypeSize>
<ownDataTypeParameters>26 BYTE,,</ownDataTypeParameters>
<autoIncrementCycle>false</autoIncrementCycle>
</Column>
<Column name="DEFINITIONDESCRIPTION" id="D8FF6D6B-9424-6E71-2ED3-DE627A14424A">
<sourceConnName>erd3_erx_19c</sourceConnName>
<sourceObjSchema>LOINC_CODE</sourceObjSchema>
<sourceObjName>DEFINITIONDESCRIPTION</sourceObjName>
<createdBy>VHAHAMWandlJ</createdBy>
<createdTime>2021-02-17 21:05:44 UTC</createdTime>
<ownerDesignName>eRx Database Model v4</ownerDesignName>
<nullsAllowed>true</nullsAllowed>
<useDomainConstraints>false</useDomainConstraints>
<use>1</use>
<logicalDatatype>LOGDT028</logicalDatatype>
<dataTypeSize>4000</dataTypeSize>
<ownDataTypeParameters>4000,,</ownDataTypeParameters>
<autoIncrementCycle>false</autoIncrementCycle>
</Column>
<Column name="STATUS" id="D0890484-EC06-2874-B3EA-8A214AC032BC">
<sourceConnName>erd3_erx_19c</sourceConnName>
<sourceObjSchema>LOINC_CODE</sourceObjSchema>
<sourceObjName>STATUS</sourceObjName>
<createdBy>VHAHAMWandlJ</createdBy>
<createdTime>2021-02-17 21:05:44 UTC</createdTime>
<ownerDesignName>eRx Database Model v4</ownerDesignName>
<nullsAllowed>true</nullsAllowed>
<useDomainConstraints>false</useDomainConstraints>
<use>1</use>
<logicalDatatype>LOGDT024</logicalDatatype>
<dataTypeSize>100 BYTE</dataTypeSize>
<ownDataTypeParameters>100 BYTE,,</ownDataTypeParameters>
<autoIncrementCycle>false</autoIncrementCycle>
</Column>
<Column name="CONSUMER_NAME" id="C2801860-9AC4-A13F-02D4-51BA589080D4">
<sourceConnName>erd3_erx_19c</sourceConnName>
<sourceObjSchema>LOINC_CODE</sourceObjSchema>
<sourceObjName>CONSUMER_NAME</sourceObjName>
<createdBy>VHAHAMWandlJ</createdBy>
<createdTime>2021-02-17 21:05:44 UTC</createdTime>
<ownerDesignName>eRx Database Model v4</ownerDesignName>
<nullsAllowed>true</nullsAllowed>
<useDomainConstraints>false</useDomainConstraints>
<use>1</use>
<logicalDatatype>LOGDT024</logicalDatatype>
<dataTypeSize>26 BYTE</dataTypeSize>
<ownDataTypeParameters>26 BYTE,,</ownDataTypeParameters>
<autoIncrementCycle>false</autoIncrementCycle>
</Column>
<Column name="CLASSTYPE" id="6AC8B8EA-851B-B1DC-0A7C-73D16736E74A">
<sourceConnName>erd3_erx_19c</sourceConnName>
<sourceObjSchema>LOINC_CODE</sourceObjSchema>
<sourceObjName>CLASSTYPE</sourceObjName>
<createdBy>VHAHAMWandlJ</createdBy>
<createdTime>2021-02-17 21:05:44 UTC</createdTime>
<ownerDesignName>eRx Database Model v4</ownerDesignName>
<nullsAllowed>true</nullsAllowed>
<useDomainConstraints>false</useDomainConstraints>
<use>1</use>
<logicalDatatype>LOGDT024</logicalDatatype>
<dataTypeSize>50 BYTE</dataTypeSize>
<ownDataTypeParameters>50 BYTE,,</ownDataTypeParameters>
<autoIncrementCycle>false</autoIncrementCycle>
</Column>
<Column name="FORMULA" id="2064739E-B11E-8E47-A569-0CE2B3B157B2">
<sourceConnName>erd3_erx_19c</sourceConnName>
<sourceObjSchema>LOINC_CODE</sourceObjSchema>
<sourceObjName>FORMULA</sourceObjName>
<createdBy>VHAHAMWandlJ</createdBy>
<createdTime>2021-02-17 21:05:44 UTC</createdTime>
<ownerDesignName>eRx Database Model v4</ownerDesignName>
<nullsAllowed>true</nullsAllowed>
<useDomainConstraints>false</useDomainConstraints>
<use>1</use>
<logicalDatatype>LOGDT024</logicalDatatype>
<dataTypeSize>500 BYTE</dataTypeSize>
<ownDataTypeParameters>500 BYTE,,</ownDataTypeParameters>
<autoIncrementCycle>false</autoIncrementCycle>
</Column>
<Column name="SPECIES" id="D603DC00-6FFC-C41D-E359-6CF19E117B48">
<sourceConnName>erd3_erx_19c</sourceConnName>
<sourceObjSchema>LOINC_CODE</sourceObjSchema>
<sourceObjName>SPECIES</sourceObjName>
<createdBy>VHAHAMWandlJ</createdBy>
<createdTime>2021-02-17 21:05:44 UTC</createdTime>
<ownerDesignName>eRx Database Model v4</ownerDesignName>
<nullsAllowed>true</nullsAllowed>
<useDomainConstraints>false</useDomainConstraints>
<use>1</use>
<logicalDatatype>LOGDT024</logicalDatatype>
<dataTypeSize>26 BYTE</dataTypeSize>
<ownDataTypeParameters>26 BYTE,,</ownDataTypeParameters>
<autoIncrementCycle>false</autoIncrementCycle>
</Column>
<Column name="EXMPL_ANSWERS" id="337B0E85-150D-5916-5508-F4986D301640">
<sourceConnName>erd3_erx_19c</sourceConnName>
<sourceObjSchema>LOINC_CODE</sourceObjSchema>
<sourceObjName>EXMPL_ANSWERS</sourceObjName>
<createdBy>VHAHAMWandlJ</createdBy>
<createdTime>2021-02-17 21:05:44 UTC</createdTime>
<ownerDesignName>eRx Database Model v4</ownerDesignName>
<nullsAllowed>true</nullsAllowed>
<useDomainConstraints>false</useDomainConstraints>
<use>1</use>
<logicalDatatype>LOGDT028</logicalDatatype>
<dataTypeSize>4000</dataTypeSize>
<ownDataTypeParameters>4000,,</ownDataTypeParameters>
<autoIncrementCycle>false</autoIncrementCycle>
</Column>
<Column name="SURVEY_QUEST_TEXT" id="C679D2F6-2ABC-BF73-FC92-A19114E8720B">
<sourceConnName>erd3_erx_19c</sourceConnName>
<sourceObjSchema>LOINC_CODE</sourceObjSchema>
<sourceObjName>SURVEY_QUEST_TEXT</sourceObjName>
<createdBy>VHAHAMWandlJ</createdBy>
<createdTime>2021-02-17 21:05:44 UTC</createdTime>
<ownerDesignName>eRx Database Model v4</ownerDesignName>
<nullsAllowed>true</nullsAllowed>
<useDomainConstraints>false</useDomainConstraints>
<use>1</use>
<logicalDatatype>LOGDT024</logicalDatatype>
<dataTypeSize>1000 BYTE</dataTypeSize>
<ownDataTypeParameters>1000 BYTE,,</ownDataTypeParameters>
<autoIncrementCycle>false</autoIncrementCycle>
</Column>
<Column name="SURVEY_QUEST_SRC" id="DDD3715E-4E0D-7209-226F-63288E5901F5">
<sourceConnName>erd3_erx_19c</sourceConnName>
<sourceObjSchema>LOINC_CODE</sourceObjSchema>
<sourceObjName>SURVEY_QUEST_SRC</sourceObjName>
<createdBy>VHAHAMWandlJ</createdBy>
<createdTime>2021-02-17 21:05:44 UTC</createdTime>
<ownerDesignName>eRx Database Model v4</ownerDesignName>
<nullsAllowed>true</nullsAllowed>
<useDomainConstraints>false</useDomainConstraints>
<use>1</use>
<logicalDatatype>LOGDT024</logicalDatatype>
<dataTypeSize>50 BYTE</dataTypeSize>
<ownDataTypeParameters>50 BYTE,,</ownDataTypeParameters>
<autoIncrementCycle>false</autoIncrementCycle>
</Column>
<Column name="UNITSREQUIRED" id="A4C368C9-BB39-21F0-FD07-EBF7239FD312">
<sourceConnName>erd3_erx_19c</sourceConnName>
<sourceObjSchema>LOINC_CODE</sourceObjSchema>
<sourceObjName>UNITSREQUIRED</sourceObjName>
<createdBy>VHAHAMWandlJ</createdBy>
<createdTime>2021-02-17 21:05:44 UTC</createdTime>
<ownerDesignName>eRx Database Model v4</ownerDesignName>
<nullsAllowed>true</nullsAllowed>
<useDomainConstraints>false</useDomainConstraints>
<use>1</use>
<logicalDatatype>LOGDT024</logicalDatatype>
<dataTypeSize>26 BYTE</dataTypeSize>
<ownDataTypeParameters>26 BYTE,,</ownDataTypeParameters>
<autoIncrementCycle>false</autoIncrementCycle>
</Column>
<Column name="SUBMITTED_UNITS" id="72E7B7AB-AC8B-A49F-6102-C3F37708593A">
<sourceConnName>erd3_erx_19c</sourceConnName>
<sourceObjSchema>LOINC_CODE</sourceObjSchema>
<sourceObjName>SUBMITTED_UNITS</sourceObjName>
<createdBy>VHAHAMWandlJ</createdBy>
<createdTime>2021-02-17 21:05:44 UTC</createdTime>
<ownerDesignName>eRx Database Model v4</ownerDesignName>
<nullsAllowed>true</nullsAllowed>
<useDomainConstraints>false</useDomainConstraints>
<use>1</use>
<logicalDatatype>LOGDT024</logicalDatatype>
<dataTypeSize>150 BYTE</dataTypeSize>
<ownDataTypeParameters>150 BYTE,,</ownDataTypeParameters>
<autoIncrementCycle>false</autoIncrementCycle>
</Column>
<Column name="RELATEDNAMES2" id="04F8217D-7549-CCEA-BD8A-283CC900771A">
<sourceConnName>erd3_erx_19c</sourceConnName>
<sourceObjSchema>LOINC_CODE</sourceObjSchema>
<sourceObjName>RELATEDNAMES2</sourceObjName>
<createdBy>VHAHAMWandlJ</createdBy>
<createdTime>2021-02-17 21:05:44 UTC</createdTime>
<ownerDesignName>eRx Database Model v4</ownerDesignName>
<nullsAllowed>true</nullsAllowed>
<useDomainConstraints>false</useDomainConstraints>
<use>1</use>
<logicalDatatype>LOGDT024</logicalDatatype>
<dataTypeSize>2000 BYTE</dataTypeSize>
<ownDataTypeParameters>2000 BYTE,,</ownDataTypeParameters>
<autoIncrementCycle>false</autoIncrementCycle>
</Column>
<Column name="SHORTNAME" id="3B69C93E-075A-AFF0-2B04-636DDCF9EEDC">
<sourceConnName>erd3_erx_19c</sourceConnName>
<sourceObjSchema>LOINC_CODE</sourceObjSchema>
<sourceObjName>SHORTNAME</sourceObjName>
<createdBy>VHAHAMWandlJ</createdBy>
<createdTime>2021-02-17 21:05:44 UTC</createdTime>
<ownerDesignName>eRx Database Model v4</ownerDesignName>
<nullsAllowed>true</nullsAllowed>
<useDomainConstraints>false</useDomainConstraints>
<use>1</use>
<logicalDatatype>LOGDT024</logicalDatatype>
<dataTypeSize>100 BYTE</dataTypeSize>
<ownDataTypeParameters>100 BYTE,,</ownDataTypeParameters>
<autoIncrementCycle>false</autoIncrementCycle>
</Column>
<Column name="ORDER_OBS" id="A6CAC31F-F7AE-3927-D20C-C3764D850607">
<sourceConnName>erd3_erx_19c</sourceConnName>
<sourceObjSchema>LOINC_CODE</sourceObjSchema>
<sourceObjName>ORDER_OBS</sourceObjName>
<createdBy>VHAHAMWandlJ</createdBy>
<createdTime>2021-02-17 21:05:44 UTC</createdTime>
<ownerDesignName>eRx Database Model v4</ownerDesignName>
<nullsAllowed>true</nullsAllowed>
<useDomainConstraints>false</useDomainConstraints>
<use>1</use>
<logicalDatatype>LOGDT024</logicalDatatype>
<dataTypeSize>26 BYTE</dataTypeSize>
<ownDataTypeParameters>26 BYTE,,</ownDataTypeParameters>
<autoIncrementCycle>false</autoIncrementCycle>
</Column>
<Column name="CDISC_COMMON_TESTS" id="143706DE-326F-E273-302F-EC42BC92E764">
<sourceConnName>erd3_erx_19c</sourceConnName>
<sourceObjSchema>LOINC_CODE</sourceObjSchema>
<sourceObjName>CDISC_COMMON_TESTS</sourceObjName>
<createdBy>VHAHAMWandlJ</createdBy>
<createdTime>2021-02-17 21:05:44 UTC</createdTime>
<ownerDesignName>eRx Database Model v4</ownerDesignName>
<nullsAllowed>true</nullsAllowed>
<useDomainConstraints>false</useDomainConstraints>
<use>1</use>
<logicalDatatype>LOGDT024</logicalDatatype>
<dataTypeSize>26 BYTE</dataTypeSize>
<ownDataTypeParameters>26 BYTE,,</ownDataTypeParameters>
<autoIncrementCycle>false</autoIncrementCycle>
</Column>
<Column name="HL7_FIELD_SUBFIELD_ID" id="A1F912D7-CB0B-C71B-F5DA-49A9163D554E">
<sourceConnName>erd3_erx_19c</sourceConnName>
<sourceObjSchema>LOINC_CODE</sourceObjSchema>
<sourceObjName>HL7_FIELD_SUBFIELD_ID</sourceObjName>
<createdBy>VHAHAMWandlJ</createdBy>
<createdTime>2021-02-17 21:05:44 UTC</createdTime>
<ownerDesignName>eRx Database Model v4</ownerDesignName>
<nullsAllowed>true</nullsAllowed>
<useDomainConstraints>false</useDomainConstraints>
<use>1</use>
<logicalDatatype>LOGDT024</logicalDatatype>
<dataTypeSize>26 BYTE</dataTypeSize>
<ownDataTypeParameters>26 BYTE,,</ownDataTypeParameters>
<autoIncrementCycle>false</autoIncrementCycle>
</Column>
<Column name="EXTERNAL_COPYRIGHT_NOTICE" id="A10CE4F1-9CDF-CDED-1995-4516EF747A28">
<sourceConnName>erd3_erx_19c</sourceConnName>
<sourceObjSchema>LOINC_CODE</sourceObjSchema>
<sourceObjName>EXTERNAL_COPYRIGHT_NOTICE</sourceObjName>
<createdBy>VHAHAMWandlJ</createdBy>
<createdTime>2021-02-17 21:05:44 UTC</createdTime>
<ownerDesignName>eRx Database Model v4</ownerDesignName>
<nullsAllowed>true</nullsAllowed>
<useDomainConstraints>false</useDomainConstraints>
<use>1</use>
<logicalDatatype>LOGDT024</logicalDatatype>
<dataTypeSize>3000 BYTE</dataTypeSize>
<ownDataTypeParameters>3000 BYTE,,</ownDataTypeParameters>
<autoIncrementCycle>false</autoIncrementCycle>
</Column>
<Column name="EXAMPLE_UNITS" id="727F3FED-AADA-D754-0B2C-F451EE1CDF99">
<sourceConnName>erd3_erx_19c</sourceConnName>
<sourceObjSchema>LOINC_CODE</sourceObjSchema>
<sourceObjName>EXAMPLE_UNITS</sourceObjName>
<createdBy>VHAHAMWandlJ</createdBy>
<createdTime>2021-02-17 21:05:44 UTC</createdTime>
<ownerDesignName>eRx Database Model v4</ownerDesignName>
<nullsAllowed>true</nullsAllowed>
<useDomainConstraints>false</useDomainConstraints>
<use>1</use>
<logicalDatatype>LOGDT024</logicalDatatype>
<dataTypeSize>50 BYTE</dataTypeSize>
<ownDataTypeParameters>50 BYTE,,</ownDataTypeParameters>
<autoIncrementCycle>false</autoIncrementCycle>
</Column>
<Column name="LONG_COMMON_NAME" id="8E4ACFCB-0D42-ECCF-B3AE-7C34B48303FE">
<sourceConnName>erd3_erx_19c</sourceConnName>
<sourceObjSchema>LOINC_CODE</sourceObjSchema>
<sourceObjName>LONG_COMMON_NAME</sourceObjName>
<createdBy>VHAHAMWandlJ</createdBy>
<createdTime>2021-02-17 21:05:44 UTC</createdTime>
<ownerDesignName>eRx Database Model v4</ownerDesignName>
<nullsAllowed>true</nullsAllowed>
<useDomainConstraints>false</useDomainConstraints>
<use>1</use>
<logicalDatatype>LOGDT024</logicalDatatype>
<dataTypeSize>400 BYTE</dataTypeSize>
<ownDataTypeParameters>400 BYTE,,</ownDataTypeParameters>
<autoIncrementCycle>false</autoIncrementCycle>
</Column>
<Column name="UNITSANDRANGE" id="523F5468-5B0A-8DF0-A62A-2FE770D04BE8">
<sourceConnName>erd3_erx_19c</sourceConnName>
<sourceObjSchema>LOINC_CODE</sourceObjSchema>
<sourceObjName>UNITSANDRANGE</sourceObjName>
<createdBy>VHAHAMWandlJ</createdBy>
<createdTime>2021-02-17 21:05:44 UTC</createdTime>
<ownerDesignName>eRx Database Model v4</ownerDesignName>
<nullsAllowed>true</nullsAllowed>
<useDomainConstraints>false</useDomainConstraints>
<use>1</use>
<logicalDatatype>LOGDT024</logicalDatatype>
<dataTypeSize>30 BYTE</dataTypeSize>
<ownDataTypeParameters>30 BYTE,,</ownDataTypeParameters>
<autoIncrementCycle>false</autoIncrementCycle>
</Column>
<Column name="EXAMPLE_UCUM_UNITS" id="040E4257-80F3-F6E9-D953-4B61F7F9829C">
<sourceConnName>erd3_erx_19c</sourceConnName>
<sourceObjSchema>LOINC_CODE</sourceObjSchema>
<sourceObjName>EXAMPLE_UCUM_UNITS</sourceObjName>
<createdBy>VHAHAMWandlJ</createdBy>
<createdTime>2021-02-17 21:05:44 UTC</createdTime>
<ownerDesignName>eRx Database Model v4</ownerDesignName>
<nullsAllowed>true</nullsAllowed>
<useDomainConstraints>false</useDomainConstraints>
<use>1</use>
<logicalDatatype>LOGDT024</logicalDatatype>
<dataTypeSize>100 BYTE</dataTypeSize>
<ownDataTypeParameters>100 BYTE,,</ownDataTypeParameters>
<autoIncrementCycle>false</autoIncrementCycle>
</Column>
<Column name="EXAMPLE_SI_UCUM_UNITS" id="FED71364-DB10-0BB6-4722-50E27E5C84C0">
<sourceConnName>erd3_erx_19c</sourceConnName>
<sourceObjSchema>LOINC_CODE</sourceObjSchema>
<sourceObjName>EXAMPLE_SI_UCUM_UNITS</sourceObjName>
<createdBy>VHAHAMWandlJ</createdBy>
<createdTime>2021-02-17 21:05:44 UTC</createdTime>
<ownerDesignName>eRx Database Model v4</ownerDesignName>
<nullsAllowed>true</nullsAllowed>
<useDomainConstraints>false</useDomainConstraints>
<use>1</use>
<logicalDatatype>LOGDT024</logicalDatatype>
<dataTypeSize>26 BYTE</dataTypeSize>
<ownDataTypeParameters>26 BYTE,,</ownDataTypeParameters>
<autoIncrementCycle>false</autoIncrementCycle>
</Column>
<Column name="STATUS_REASON" id="BCFE7659-65C1-0FED-A84A-D0FC0710B4AA">
<sourceConnName>erd3_erx_19c</sourceConnName>
<sourceObjSchema>LOINC_CODE</sourceObjSchema>
<sourceObjName>STATUS_REASON</sourceObjName>
<createdBy>VHAHAMWandlJ</createdBy>
<createdTime>2021-02-17 21:05:44 UTC</createdTime>
<ownerDesignName>eRx Database Model v4</ownerDesignName>
<nullsAllowed>true</nullsAllowed>
<useDomainConstraints>false</useDomainConstraints>
<use>1</use>
<logicalDatatype>LOGDT024</logicalDatatype>
<dataTypeSize>26 BYTE</dataTypeSize>
<ownDataTypeParameters>26 BYTE,,</ownDataTypeParameters>
<autoIncrementCycle>false</autoIncrementCycle>
</Column>
<Column name="STATUS_TEXT" id="BBA2FEEC-1135-031C-816A-A196152594A3">
<sourceConnName>erd3_erx_19c</sourceConnName>
<sourceObjSchema>LOINC_CODE</sourceObjSchema>
<sourceObjName>STATUS_TEXT</sourceObjName>
<createdBy>VHAHAMWandlJ</createdBy>
<createdTime>2021-02-17 21:05:44 UTC</createdTime>
<ownerDesignName>eRx Database Model v4</ownerDesignName>
<nullsAllowed>true</nullsAllowed>
<useDomainConstraints>false</useDomainConstraints>
<use>1</use>
<logicalDatatype>LOGDT024</logicalDatatype>
<dataTypeSize>1000 BYTE</dataTypeSize>
<ownDataTypeParameters>1000 BYTE,,</ownDataTypeParameters>
<autoIncrementCycle>false</autoIncrementCycle>
</Column>
<Column name="CHANGE_REASON_PUBLIC" id="3E309E69-EBE3-8BD0-FFDB-68CC63D6D7E5">
<sourceConnName>erd3_erx_19c</sourceConnName>
<sourceObjSchema>LOINC_CODE</sourceObjSchema>
<sourceObjName>CHANGE_REASON_PUBLIC</sourceObjName>
<createdBy>VHAHAMWandlJ</createdBy>
<createdTime>2021-02-17 21:05:44 UTC</createdTime>
<ownerDesignName>eRx Database Model v4</ownerDesignName>
<nullsAllowed>true</nullsAllowed>
<useDomainConstraints>false</useDomainConstraints>
<use>1</use>
<logicalDatatype>LOGDT024</logicalDatatype>
<dataTypeSize>1500 BYTE</dataTypeSize>
<ownDataTypeParameters>1500 BYTE,,</ownDataTypeParameters>
<autoIncrementCycle>false</autoIncrementCycle>
</Column>
<Column name="COMMON_TEST_RANK" id="5640184B-1DE3-C301-F914-0D8F0B070717">
<sourceConnName>erd3_erx_19c</sourceConnName>
<sourceObjSchema>LOINC_CODE</sourceObjSchema>
<sourceObjName>COMMON_TEST_RANK</sourceObjName>
<createdBy>VHAHAMWandlJ</createdBy>
<createdTime>2021-02-17 21:05:44 UTC</createdTime>
<ownerDesignName>eRx Database Model v4</ownerDesignName>
<nullsAllowed>true</nullsAllowed>
<useDomainConstraints>false</useDomainConstraints>
<use>1</use>
<logicalDatatype>LOGDT024</logicalDatatype>
<dataTypeSize>50 BYTE</dataTypeSize>
<ownDataTypeParameters>50 BYTE,,</ownDataTypeParameters>
<autoIncrementCycle>false</autoIncrementCycle>
</Column>
<Column name="COMMON_ORDER_RANK" id="4ED078C6-17A6-2B8E-257B-AC6B662C8709">
<sourceConnName>erd3_erx_19c</sourceConnName>
<sourceObjSchema>LOINC_CODE</sourceObjSchema>
<sourceObjName>COMMON_ORDER_RANK</sourceObjName>
<createdBy>VHAHAMWandlJ</createdBy>
<createdTime>2021-02-17 21:05:44 UTC</createdTime>
<ownerDesignName>eRx Database Model v4</ownerDesignName>
<nullsAllowed>true</nullsAllowed>
<useDomainConstraints>false</useDomainConstraints>
<use>1</use>
<logicalDatatype>LOGDT024</logicalDatatype>
<dataTypeSize>50 BYTE</dataTypeSize>
<ownDataTypeParameters>50 BYTE,,</ownDataTypeParameters>
<autoIncrementCycle>false</autoIncrementCycle>
</Column>
<Column name="COMMON_SI_TEST_RANK" id="C87E3894-9BBF-5801-5EC2-94FA04873BA9">
<sourceConnName>erd3_erx_19c</sourceConnName>
<sourceObjSchema>LOINC_CODE</sourceObjSchema>
<sourceObjName>COMMON_SI_TEST_RANK</sourceObjName>
<createdBy>VHAHAMWandlJ</createdBy>
<createdTime>2021-02-17 21:05:44 UTC</createdTime>
<ownerDesignName>eRx Database Model v4</ownerDesignName>
<nullsAllowed>true</nullsAllowed>
<useDomainConstraints>false</useDomainConstraints>
<use>1</use>
<logicalDatatype>LOGDT024</logicalDatatype>
<dataTypeSize>50 BYTE</dataTypeSize>
<ownDataTypeParameters>50 BYTE,,</ownDataTypeParameters>
<autoIncrementCycle>false</autoIncrementCycle>
</Column>
<Column name="HL7_ATTACHMENT_STRUCTURE" id="6BBDCAA1-D67C-4E39-7F09-47326A5F2FC8">
<sourceConnName>erd3_erx_19c</sourceConnName>
<sourceObjSchema>LOINC_CODE</sourceObjSchema>
<sourceObjName>HL7_ATTACHMENT_STRUCTURE</sourceObjName>
<createdBy>VHAHAMWandlJ</createdBy>
<createdTime>2021-02-17 21:05:44 UTC</createdTime>
<ownerDesignName>eRx Database Model v4</ownerDesignName>
<nullsAllowed>true</nullsAllowed>
<useDomainConstraints>false</useDomainConstraints>
<use>1</use>
<logicalDatatype>LOGDT024</logicalDatatype>
<dataTypeSize>26 BYTE</dataTypeSize>
<ownDataTypeParameters>26 BYTE,,</ownDataTypeParameters>
<autoIncrementCycle>false</autoIncrementCycle>
</Column>
<Column name="EXTERNAL_COPYRIGHT_LINK" id="A3A4E91D-1C68-A75C-8657-E996B550FF9E">
<sourceConnName>erd3_erx_19c</sourceConnName>
<sourceObjSchema>LOINC_CODE</sourceObjSchema>
<sourceObjName>EXTERNAL_COPYRIGHT_LINK</sourceObjName>
<createdBy>VHAHAMWandlJ</createdBy>
<createdTime>2021-02-17 21:05:44 UTC</createdTime>
<ownerDesignName>eRx Database Model v4</ownerDesignName>
<nullsAllowed>true</nullsAllowed>
<useDomainConstraints>false</useDomainConstraints>
<use>1</use>
<logicalDatatype>LOGDT024</logicalDatatype>
<dataTypeSize>26 BYTE</dataTypeSize>
<ownDataTypeParameters>26 BYTE,,</ownDataTypeParameters>
<autoIncrementCycle>false</autoIncrementCycle>
</Column>
<Column name="PANELTYPE" id="BF50196C-80E5-B9D6-C155-4B8CBCF21705">
<sourceConnName>erd3_erx_19c</sourceConnName>
<sourceObjSchema>LOINC_CODE</sourceObjSchema>
<sourceObjName>PANELTYPE</sourceObjName>
<createdBy>VHAHAMWandlJ</createdBy>
<createdTime>2021-02-17 21:05:44 UTC</createdTime>
<ownerDesignName>eRx Database Model v4</ownerDesignName>
<nullsAllowed>true</nullsAllowed>
<useDomainConstraints>false</useDomainConstraints>
<use>1</use>
<logicalDatatype>LOGDT024</logicalDatatype>
<dataTypeSize>26 BYTE</dataTypeSize>
<ownDataTypeParameters>26 BYTE,,</ownDataTypeParameters>
<autoIncrementCycle>false</autoIncrementCycle>
</Column>
<Column name="ASKATORDERENTRY" id="F36473D2-8B46-6800-CB8D-0629355B2099">
<sourceConnName>erd3_erx_19c</sourceConnName>
<sourceObjSchema>LOINC_CODE</sourceObjSchema>
<sourceObjName>ASKATORDERENTRY</sourceObjName>
<createdBy>VHAHAMWandlJ</createdBy>
<createdTime>2021-02-17 21:05:44 UTC</createdTime>
<ownerDesignName>eRx Database Model v4</ownerDesignName>
<nullsAllowed>true</nullsAllowed>
<useDomainConstraints>false</useDomainConstraints>
<use>1</use>
<logicalDatatype>LOGDT024</logicalDatatype>
<dataTypeSize>26 BYTE</dataTypeSize>
<ownDataTypeParameters>26 BYTE,,</ownDataTypeParameters>
<autoIncrementCycle>false</autoIncrementCycle>
</Column>
<Column name="ASSOCIATEDOBSERVATIONS" id="4AFC3B43-2C32-816C-52A8-0111F54EE28E">
<sourceConnName>erd3_erx_19c</sourceConnName>
<sourceObjSchema>LOINC_CODE</sourceObjSchema>
<sourceObjName>ASSOCIATEDOBSERVATIONS</sourceObjName>
<createdBy>VHAHAMWandlJ</createdBy>
<createdTime>2021-02-17 21:05:44 UTC</createdTime>
<ownerDesignName>eRx Database Model v4</ownerDesignName>
<nullsAllowed>true</nullsAllowed>
<useDomainConstraints>false</useDomainConstraints>
<use>1</use>
<logicalDatatype>LOGDT024</logicalDatatype>
<dataTypeSize>100 BYTE</dataTypeSize>
<ownDataTypeParameters>100 BYTE,,</ownDataTypeParameters>
<autoIncrementCycle>false</autoIncrementCycle>
</Column>
<Column name="VERSIONFIRSTRELEASED" id="99E65030-1423-6426-1AFA-FDE007C39E8C">
<sourceConnName>erd3_erx_19c</sourceConnName>
<sourceObjSchema>LOINC_CODE</sourceObjSchema>
<sourceObjName>VERSIONFIRSTRELEASED</sourceObjName>
<createdBy>VHAHAMWandlJ</createdBy>
<createdTime>2021-02-17 21:05:44 UTC</createdTime>
<ownerDesignName>eRx Database Model v4</ownerDesignName>
<nullsAllowed>true</nullsAllowed>
<useDomainConstraints>false</useDomainConstraints>
<use>1</use>
<logicalDatatype>LOGDT024</logicalDatatype>
<dataTypeSize>26 BYTE</dataTypeSize>
<ownDataTypeParameters>26 BYTE,,</ownDataTypeParameters>
<autoIncrementCycle>false</autoIncrementCycle>
</Column>
<Column name="VALIDHL7ATTACHMENTREQUEST" id="B2A091C1-59A7-BAF9-E1BC-989377033ADD">
<sourceConnName>erd3_erx_19c</sourceConnName>
<sourceObjSchema>LOINC_CODE</sourceObjSchema>
<sourceObjName>VALIDHL7ATTACHMENTREQUEST</sourceObjName>
<createdBy>VHAHAMWandlJ</createdBy>
<createdTime>2021-02-17 21:05:44 UTC</createdTime>
<ownerDesignName>eRx Database Model v4</ownerDesignName>
<nullsAllowed>true</nullsAllowed>
<useDomainConstraints>false</useDomainConstraints>
<use>1</use>
<logicalDatatype>LOGDT024</logicalDatatype>
<dataTypeSize>26 BYTE</dataTypeSize>
<ownDataTypeParameters>26 BYTE,,</ownDataTypeParameters>
<autoIncrementCycle>false</autoIncrementCycle>
</Column>
</columns>
</Table>