<?xml version = '1.0' encoding = 'UTF-8'?>
<Table class="oracle.dbtools.crest.model.design.relational.Table" directorySegmentName="seg_0" id="263238A7-C0B3-24D4-8F5E-8506BB71293E" schemaObject="B30EB6F8-3729-5C21-2C5D-963BAA817587" name="OUTBOUND_NCPDP_MSG">
<sourceConnName>erd3_erx_19c</sourceConnName>
<sourceObjSchema>ERX</sourceObjSchema>
<sourceObjName>OUTBOUND_NCPDP_MSG</sourceObjName>
<createdBy>VHAHAMWandlJ</createdBy>
<createdTime>2021-02-17 21:05:43 UTC</createdTime>
<ownerDesignName>eRx Database Model v4</ownerDesignName>
<allowColumnReorder>false</allowColumnReorder>
<existDependencyGenerateInDDl>true</existDependencyGenerateInDDl>
<parsed>true</parsed>
<columns itemClass="oracle.dbtools.crest.model.design.relational.Column">
<Column name="OUTBOUND_NCPDP_MSG_ID" id="BA023A7E-8EF3-92D5-5C3D-E88305AB20A2">
<sourceConnName>erd3_erx_19c</sourceConnName>
<sourceObjSchema>OUTBOUND_NCPDP_MSG</sourceObjSchema>
<sourceObjName>OUTBOUND_NCPDP_MSG_ID</sourceObjName>
<createdBy>VHAHAMWandlJ</createdBy>
<createdTime>2021-02-17 21:05:44 UTC</createdTime>
<ownerDesignName>eRx Database Model v4</ownerDesignName>
<useDomainConstraints>false</useDomainConstraints>
<use>1</use>
<logicalDatatype>LOGDT019</logicalDatatype>
<ownDataTypeParameters>,,</ownDataTypeParameters>
<autoIncrementCycle>false</autoIncrementCycle>
</Column>
<Column name="MESSAGE_ID" id="0195CA7C-F56C-7464-5EAF-740CAB239482">
<sourceConnName>erd3_erx_19c</sourceConnName>
<sourceObjSchema>OUTBOUND_NCPDP_MSG</sourceObjSchema>
<sourceObjName>MESSAGE_ID</sourceObjName>
<createdBy>VHAHAMWandlJ</createdBy>
<createdTime>2021-02-17 21:05:44 UTC</createdTime>
<ownerDesignName>eRx Database Model v4</ownerDesignName>
<nullsAllowed>true</nullsAllowed>
<useDomainConstraints>false</useDomainConstraints>
<use>1</use>
<logicalDatatype>LOGDT024</logicalDatatype>
<dataTypeSize>35 BYTE</dataTypeSize>
<ownDataTypeParameters>35 BYTE,,</ownDataTypeParameters>
<autoIncrementCycle>false</autoIncrementCycle>
</Column>
<Column name="REL_TO_MESSAGE_ID" id="72ACBBC7-53D5-4C90-55D9-6165AB0169D1">
<sourceConnName>erd3_erx_19c</sourceConnName>
<sourceObjSchema>OUTBOUND_NCPDP_MSG</sourceObjSchema>
<sourceObjName>REL_TO_MESSAGE_ID</sourceObjName>
<createdBy>VHAHAMWandlJ</createdBy>
<createdTime>2021-02-17 21:05:44 UTC</createdTime>
<ownerDesignName>eRx Database Model v4</ownerDesignName>
<nullsAllowed>true</nullsAllowed>
<useDomainConstraints>false</useDomainConstraints>
<use>1</use>
<logicalDatatype>LOGDT024</logicalDatatype>
<dataTypeSize>35 BYTE</dataTypeSize>
<ownDataTypeParameters>35 BYTE,,</ownDataTypeParameters>
<autoIncrementCycle>false</autoIncrementCycle>
</Column>
<Column name="MESSAGE_TYPE" id="E5E743AB-0C1A-FAC4-BEDA-26A28236CE0A">
<sourceConnName>erd3_erx_19c</sourceConnName>
<sourceObjSchema>OUTBOUND_NCPDP_MSG</sourceObjSchema>
<sourceObjName>MESSAGE_TYPE</sourceObjName>
<createdBy>VHAHAMWandlJ</createdBy>
<createdTime>2021-02-17 21:05:44 UTC</createdTime>
<ownerDesignName>eRx Database Model v4</ownerDesignName>
<nullsAllowed>true</nullsAllowed>
<useDomainConstraints>false</useDomainConstraints>
<use>1</use>
<logicalDatatype>LOGDT024</logicalDatatype>
<dataTypeSize>35 BYTE</dataTypeSize>
<ownDataTypeParameters>35 BYTE,,</ownDataTypeParameters>
<autoIncrementCycle>false</autoIncrementCycle>
</Column>
<Column name="MESSAGE" id="0E52B52A-F162-89EC-B6D5-549D52702A8C">
<sourceConnName>erd3_erx_19c</sourceConnName>
<sourceObjSchema>OUTBOUND_NCPDP_MSG</sourceObjSchema>
<sourceObjName>MESSAGE</sourceObjName>
<createdBy>VHAHAMWandlJ</createdBy>
<createdTime>2021-02-17 21:05:44 UTC</createdTime>
<ownerDesignName>eRx Database Model v4</ownerDesignName>
<nullsAllowed>true</nullsAllowed>
<useDomainConstraints>false</useDomainConstraints>
<use>1</use>
<logicalDatatype>LOGDT050</logicalDatatype>
<ownDataTypeParameters>,,</ownDataTypeParameters>
<autoIncrementCycle>false</autoIncrementCycle>
</Column>
<Column name="PHARMACY_ID" id="52FADE7A-87F2-2013-EB7F-62DEC612E762">
<sourceConnName>erd3_erx_19c</sourceConnName>
<sourceObjSchema>OUTBOUND_NCPDP_MSG</sourceObjSchema>
<sourceObjName>PHARMACY_ID</sourceObjName>
<createdBy>VHAHAMWandlJ</createdBy>
<createdTime>2021-02-17 21:05:44 UTC</createdTime>
<ownerDesignName>eRx Database Model v4</ownerDesignName>
<useDomainConstraints>false</useDomainConstraints>
<use>1</use>
<logicalDatatype>LOGDT019</logicalDatatype>
<defaultValue>0</defaultValue>
<ownDataTypeParameters>,,</ownDataTypeParameters>
<autoIncrementCycle>false</autoIncrementCycle>
<associations>
<colAssociation fkAssociation="EB7E09AD-5513-BF66-E5C7-E78F824C1457" referredColumn="6BCBDEE7-2CF5-909A-AD26-060C9FB05297"/>
</associations>
</Column>
<Column name="MESSAGE_STATUS" id="8C281B52-5C1E-C65A-DB0A-8A15C2ED288D">
<sourceConnName>erd3_erx_19c</sourceConnName>
<sourceObjSchema>OUTBOUND_NCPDP_MSG</sourceObjSchema>
<sourceObjName>MESSAGE_STATUS</sourceObjName>
<createdBy>VHAHAMWandlJ</createdBy>
<createdTime>2021-02-17 21:05:44 UTC</createdTime>
<ownerDesignName>eRx Database Model v4</ownerDesignName>
<useDomainConstraints>false</useDomainConstraints>
<use>1</use>
<logicalDatatype>LOGDT024</logicalDatatype>
<dataTypeSize>4 BYTE</dataTypeSize>
<defaultValue>&apos;0000&apos;</defaultValue>
<ownDataTypeParameters>4 BYTE,,</ownDataTypeParameters>
<autoIncrementCycle>false</autoIncrementCycle>
<associations>
<colAssociation fkAssociation="97EEE90E-4CBA-17D5-AA1B-55D92A464A96" referredColumn="9052936E-92D9-60C3-27BC-618B3652A4C8"/>
</associations>
</Column>
<Column name="MESSAGE_STATUS_DETAILS" id="D05BA5A9-2FF2-9A92-E9BF-BCCD32413B7B">
<sourceConnName>erd3_erx_19c</sourceConnName>
<sourceObjSchema>OUTBOUND_NCPDP_MSG</sourceObjSchema>
<sourceObjName>MESSAGE_STATUS_DETAILS</sourceObjName>
<createdBy>VHAHAMWandlJ</createdBy>
<createdTime>2021-02-17 21:05:44 UTC</createdTime>
<ownerDesignName>eRx Database Model v4</ownerDesignName>
<nullsAllowed>true</nullsAllowed>
<useDomainConstraints>false</useDomainConstraints>
<use>1</use>
<logicalDatatype>LOGDT024</logicalDatatype>
<dataTypeSize>2000 BYTE</dataTypeSize>
<ownDataTypeParameters>2000 BYTE,,</ownDataTypeParameters>
<autoIncrementCycle>false</autoIncrementCycle>
</Column>
<Column name="RECEIVED_DATE" id="C70D4E8E-BCA7-A924-AD99-2C80F5D2B171">
<sourceConnName>erd3_erx_19c</sourceConnName>
<sourceObjSchema>OUTBOUND_NCPDP_MSG</sourceObjSchema>
<sourceObjName>RECEIVED_DATE</sourceObjName>
<createdBy>VHAHAMWandlJ</createdBy>
<createdTime>2021-02-17 21:05:44 UTC</createdTime>
<ownerDesignName>eRx Database Model v4</ownerDesignName>
<nullsAllowed>true</nullsAllowed>
<useDomainConstraints>false</useDomainConstraints>
<use>1</use>
<logicalDatatype>LOGDT007</logicalDatatype>
<dataTypeSize>7</dataTypeSize>
<ownDataTypeParameters>7,,</ownDataTypeParameters>
<autoIncrementCycle>false</autoIncrementCycle>
</Column>
<Column name="UPDATED_DATE" id="4457ABA9-B269-3A8A-01B0-2383C2C2F6ED">
<sourceConnName>erd3_erx_19c</sourceConnName>
<sourceObjSchema>OUTBOUND_NCPDP_MSG</sourceObjSchema>
<sourceObjName>UPDATED_DATE</sourceObjName>
<createdBy>VHAHAMWandlJ</createdBy>
<createdTime>2021-02-17 21:05:44 UTC</createdTime>
<ownerDesignName>eRx Database Model v4</ownerDesignName>
<nullsAllowed>true</nullsAllowed>
<useDomainConstraints>false</useDomainConstraints>
<use>1</use>
<logicalDatatype>LOGDT007</logicalDatatype>
<dataTypeSize>7</dataTypeSize>
<ownDataTypeParameters>7,,</ownDataTypeParameters>
<autoIncrementCycle>false</autoIncrementCycle>
</Column>
<Column name="CREATED_DATE" id="73E72331-4C40-9D2E-E931-744B3003E157">
<sourceConnName>erd3_erx_19c</sourceConnName>
<sourceObjSchema>OUTBOUND_NCPDP_MSG</sourceObjSchema>
<sourceObjName>CREATED_DATE</sourceObjName>
<createdBy>VHAHAMWandlJ</createdBy>
<createdTime>2021-02-17 21:05:44 UTC</createdTime>
<ownerDesignName>eRx Database Model v4</ownerDesignName>
<nullsAllowed>true</nullsAllowed>
<useDomainConstraints>false</useDomainConstraints>
<use>1</use>
<logicalDatatype>LOGDT007</logicalDatatype>
<dataTypeSize>7</dataTypeSize>
<ownDataTypeParameters>7,,</ownDataTypeParameters>
<autoIncrementCycle>false</autoIncrementCycle>
</Column>
<Column name="SCRIPT_VERSION" id="2B2CDECF-1567-5A3E-C9CD-696B4E505837">
<sourceConnName>erd3_erx_19c</sourceConnName>
<sourceObjSchema>OUTBOUND_NCPDP_MSG</sourceObjSchema>
<sourceObjName>SCRIPT_VERSION</sourceObjName>
<createdBy>VHAHAMWandlJ</createdBy>
<createdTime>2021-02-17 21:05:44 UTC</createdTime>
<ownerDesignName>eRx Database Model v4</ownerDesignName>
<nullsAllowed>true</nullsAllowed>
<useDomainConstraints>false</useDomainConstraints>
<use>1</use>
<logicalDatatype>LOGDT024</logicalDatatype>
<dataTypeSize>10 BYTE</dataTypeSize>
<ownDataTypeParameters>10 BYTE,,</ownDataTypeParameters>
<autoIncrementCycle>false</autoIncrementCycle>
</Column>
</columns>
<indexes itemClass="oracle.dbtools.crest.model.design.relational.Index">
<ind_PK_UK id="4AB6D43F-CBDB-8B58-5A06-EA1253EDCF38" name="OUTBOUND_NCPDP_MSG_PK">
<sourceConnName>erd3_erx_19c</sourceConnName>
<sourceObjSchema>ERX</sourceObjSchema>
<sourceObjName>OUTBOUND_NCPDP_MSG_PK</sourceObjName>
<createdBy>VHAHAMWandlJ</createdBy>
<createdTime>2021-02-17 21:05:49 UTC</createdTime>
<ownerDesignName>eRx Database Model v4</ownerDesignName>
<pk>true</pk>
<indexState>Primary Constraint</indexState>
<isSurrogateKey>false</isSurrogateKey>
<indexColumnUsage>
<colUsage columnID="BA023A7E-8EF3-92D5-5C3D-E88305AB20A2"/>
</indexColumnUsage>
</ind_PK_UK>
<ind_PK_UK id="69ABBB93-EA4D-54FD-C53D-C615CE659C37" schemaObject="B30EB6F8-3729-5C21-2C5D-963BAA817587" name="OB_MSG_ID_IDX">
<sourceConnName>erd3_erx_19c</sourceConnName>
<sourceObjSchema>ERX</sourceObjSchema>
<sourceObjName>OB_MSG_ID_IDX</sourceObjName>
<createdBy>VHAHAMWandlJ</createdBy>
<createdTime>2021-02-17 21:05:49 UTC</createdTime>
<ownerDesignName>eRx Database Model v4</ownerDesignName>
<isSurrogateKey>false</isSurrogateKey>
<indexColumnUsage>
<colUsage columnID="0195CA7C-F56C-7464-5EAF-740CAB239482"/>
</indexColumnUsage>
</ind_PK_UK>
<ind_PK_UK id="53BCF37A-7FC8-6000-93FA-E39EA7E23DD3" schemaObject="B30EB6F8-3729-5C21-2C5D-963BAA817587" name="OB_MSG_STATUS_IDX">
<sourceConnName>erd3_erx_19c</sourceConnName>
<sourceObjSchema>ERX</sourceObjSchema>
<sourceObjName>OB_MSG_STATUS_IDX</sourceObjName>
<createdBy>VHAHAMWandlJ</createdBy>
<createdTime>2021-02-17 21:05:49 UTC</createdTime>
<ownerDesignName>eRx Database Model v4</ownerDesignName>
<isSurrogateKey>false</isSurrogateKey>
<indexColumnUsage>
<colUsage columnID="8C281B52-5C1E-C65A-DB0A-8A15C2ED288D"/>
</indexColumnUsage>
</ind_PK_UK>
<ind_PK_UK id="02555CC3-9A61-5FAA-33C0-4120D379A38D" schemaObject="B30EB6F8-3729-5C21-2C5D-963BAA817587" name="OB_NCPDP_MSG_ID_IDX">
<sourceConnName>erd3_erx_19c</sourceConnName>
<sourceObjSchema>ERX</sourceObjSchema>
<sourceObjName>OB_NCPDP_MSG_ID_IDX</sourceObjName>
<createdBy>VHAHAMWandlJ</createdBy>
<createdTime>2021-02-17 21:05:49 UTC</createdTime>
<ownerDesignName>eRx Database Model v4</ownerDesignName>
<indexState>Unique Plain Index</indexState>
<isSurrogateKey>false</isSurrogateKey>
<indexColumnUsage>
<colUsage columnID="BA023A7E-8EF3-92D5-5C3D-E88305AB20A2"/>
</indexColumnUsage>
</ind_PK_UK>
<ind_PK_UK id="4A4D13E0-BDCF-2B41-40E7-277FEEBD737F" schemaObject="B30EB6F8-3729-5C21-2C5D-963BAA817587" name="OB_NCPDP_MSG_PHARMACY_ID_IDX">
<sourceConnName>erd3_erx_19c</sourceConnName>
<sourceObjSchema>ERX</sourceObjSchema>
<sourceObjName>OB_NCPDP_MSG_PHARMACY_ID_IDX</sourceObjName>
<createdBy>VHAHAMWandlJ</createdBy>
<createdTime>2021-02-17 21:05:49 UTC</createdTime>
<ownerDesignName>eRx Database Model v4</ownerDesignName>
<isSurrogateKey>false</isSurrogateKey>
<indexColumnUsage>
<colUsage columnID="52FADE7A-87F2-2013-EB7F-62DEC612E762"/>
</indexColumnUsage>
</ind_PK_UK>
<ind_PK_UK id="E487BD93-4126-3ABE-5255-3ECD7000C723" schemaObject="B30EB6F8-3729-5C21-2C5D-963BAA817587" name="OB_REL_TO_MSG_ID_IDX">
<sourceConnName>erd3_erx_19c</sourceConnName>
<sourceObjSchema>ERX</sourceObjSchema>
<sourceObjName>OB_REL_TO_MSG_ID_IDX</sourceObjName>
<createdBy>VHAHAMWandlJ</createdBy>
<createdTime>2021-02-17 21:05:49 UTC</createdTime>
<ownerDesignName>eRx Database Model v4</ownerDesignName>
<isSurrogateKey>false</isSurrogateKey>
<indexColumnUsage>
<colUsage columnID="72ACBBC7-53D5-4C90-55D9-6165AB0169D1"/>
</indexColumnUsage>
</ind_PK_UK>
<ind_PK_UK id="E9A83E0A-8EC1-B249-AED7-B257F327DB72" name="OUTBOUND_MSG_ERX_STATUS_FK">
<createdBy>VHAHAMWandlJ</createdBy>
<createdTime>2021-02-17 21:05:51 UTC</createdTime>
<ownerDesignName>eRx Database Model v4</ownerDesignName>
<indexState>Foreign Key</indexState>
<isSurrogateKey>false</isSurrogateKey>
<indexColumnUsage>
<colUsage columnID="8C281B52-5C1E-C65A-DB0A-8A15C2ED288D"/>
</indexColumnUsage>
</ind_PK_UK>
<ind_PK_UK id="14F4084B-E96F-40A8-55A8-E6D10A67F448" name="OUTBOUND_MSG_PHARMACY_ID_FK">
<createdBy>VHAHAMWandlJ</createdBy>
<createdTime>2021-02-17 21:05:51 UTC</createdTime>
<ownerDesignName>eRx Database Model v4</ownerDesignName>
<indexState>Foreign Key</indexState>
<isSurrogateKey>false</isSurrogateKey>
<indexColumnUsage>
<colUsage columnID="52FADE7A-87F2-2013-EB7F-62DEC612E762"/>
</indexColumnUsage>
</ind_PK_UK>
</indexes>
</Table>