<?xml version = '1.0' encoding = 'UTF-8'?>
<Table class="oracle.dbtools.crest.model.design.relational.Table" directorySegmentName="seg_0" id="285F5189-04D6-FA54-1D2E-080E59A595AC" schemaObject="B30EB6F8-3729-5C21-2C5D-963BAA817587" name="VA_USER">
<sourceConnName>erd3_erx_19c</sourceConnName>
<sourceObjSchema>ERX</sourceObjSchema>
<sourceObjName>VA_USER</sourceObjName>
<createdBy>VHAHAMWandlJ</createdBy>
<createdTime>2021-02-17 21:05:43 UTC</createdTime>
<ownerDesignName>eRx Database Model v4</ownerDesignName>
<allowColumnReorder>false</allowColumnReorder>
<existDependencyGenerateInDDl>true</existDependencyGenerateInDDl>
<parsed>true</parsed>
<columns itemClass="oracle.dbtools.crest.model.design.relational.Column">
<Column name="USERS_ID" id="348FB78F-7C79-2A50-5C76-DDC1DEA1FB71">
<sourceConnName>erd3_erx_19c</sourceConnName>
<sourceObjSchema>VA_USER</sourceObjSchema>
<sourceObjName>USERS_ID</sourceObjName>
<createdBy>VHAHAMWandlJ</createdBy>
<createdTime>2021-02-17 21:05:44 UTC</createdTime>
<ownerDesignName>eRx Database Model v4</ownerDesignName>
<useDomainConstraints>false</useDomainConstraints>
<use>1</use>
<logicalDatatype>LOGDT019</logicalDatatype>
<ownDataTypeParameters>,,</ownDataTypeParameters>
<autoIncrementCycle>false</autoIncrementCycle>
</Column>
<Column name="VA_USERID" id="2F07A48E-E89E-6CC8-1197-A87C0C55178C">
<sourceConnName>erd3_erx_19c</sourceConnName>
<sourceObjSchema>VA_USER</sourceObjSchema>
<sourceObjName>VA_USERID</sourceObjName>
<createdBy>VHAHAMWandlJ</createdBy>
<createdTime>2021-02-17 21:05:44 UTC</createdTime>
<ownerDesignName>eRx Database Model v4</ownerDesignName>
<useDomainConstraints>false</useDomainConstraints>
<use>1</use>
<logicalDatatype>LOGDT024</logicalDatatype>
<dataTypeSize>20 BYTE</dataTypeSize>
<ownDataTypeParameters>20 BYTE,,</ownDataTypeParameters>
<autoIncrementCycle>false</autoIncrementCycle>
</Column>
<Column name="FIRST_NAME" id="D22F283B-23DF-6035-8387-200983E36A4B">
<sourceConnName>erd3_erx_19c</sourceConnName>
<sourceObjSchema>VA_USER</sourceObjSchema>
<sourceObjName>FIRST_NAME</sourceObjName>
<createdBy>VHAHAMWandlJ</createdBy>
<createdTime>2021-02-17 21:05:44 UTC</createdTime>
<ownerDesignName>eRx Database Model v4</ownerDesignName>
<nullsAllowed>true</nullsAllowed>
<useDomainConstraints>false</useDomainConstraints>
<use>1</use>
<logicalDatatype>LOGDT024</logicalDatatype>
<dataTypeSize>50 BYTE</dataTypeSize>
<ownDataTypeParameters>50 BYTE,,</ownDataTypeParameters>
<autoIncrementCycle>false</autoIncrementCycle>
</Column>
<Column name="LAST_NAME" id="B74D4793-C772-8953-D529-64C25AE41687">
<sourceConnName>erd3_erx_19c</sourceConnName>
<sourceObjSchema>VA_USER</sourceObjSchema>
<sourceObjName>LAST_NAME</sourceObjName>
<createdBy>VHAHAMWandlJ</createdBy>
<createdTime>2021-02-17 21:05:44 UTC</createdTime>
<ownerDesignName>eRx Database Model v4</ownerDesignName>
<nullsAllowed>true</nullsAllowed>
<useDomainConstraints>false</useDomainConstraints>
<use>1</use>
<logicalDatatype>LOGDT024</logicalDatatype>
<dataTypeSize>50 BYTE</dataTypeSize>
<ownDataTypeParameters>50 BYTE,,</ownDataTypeParameters>
<autoIncrementCycle>false</autoIncrementCycle>
</Column>
<Column name="IS_PHARM_MGR" id="AC035F5B-5185-CFF3-11C9-BF56B252ADDF">
<sourceConnName>erd3_erx_19c</sourceConnName>
<sourceObjSchema>VA_USER</sourceObjSchema>
<sourceObjName>IS_PHARM_MGR</sourceObjName>
<createdBy>VHAHAMWandlJ</createdBy>
<createdTime>2021-02-17 21:05:44 UTC</createdTime>
<ownerDesignName>eRx Database Model v4</ownerDesignName>
<useDomainConstraints>false</useDomainConstraints>
<use>1</use>
<logicalDatatype>LOGDT024</logicalDatatype>
<dataTypeSize>1 BYTE</dataTypeSize>
<defaultValue>&apos;N&apos;</defaultValue>
<ownDataTypeParameters>1 BYTE,,</ownDataTypeParameters>
<autoIncrementCycle>false</autoIncrementCycle>
</Column>
<Column name="IS_PBM_ADMN" id="EB910BE0-D7E8-24C9-FD1C-7C28BEBC9A10">
<sourceConnName>erd3_erx_19c</sourceConnName>
<sourceObjSchema>VA_USER</sourceObjSchema>
<sourceObjName>IS_PBM_ADMN</sourceObjName>
<createdBy>VHAHAMWandlJ</createdBy>
<createdTime>2021-02-17 21:05:44 UTC</createdTime>
<ownerDesignName>eRx Database Model v4</ownerDesignName>
<useDomainConstraints>false</useDomainConstraints>
<use>1</use>
<logicalDatatype>LOGDT024</logicalDatatype>
<dataTypeSize>1 BYTE</dataTypeSize>
<defaultValue>&apos;N&apos;</defaultValue>
<ownDataTypeParameters>1 BYTE,,</ownDataTypeParameters>
<autoIncrementCycle>false</autoIncrementCycle>
</Column>
<Column name="IS_PHARM_USER" id="1D898C5D-8647-EFF9-9EFD-CC5A409690D3">
<sourceConnName>erd3_erx_19c</sourceConnName>
<sourceObjSchema>VA_USER</sourceObjSchema>
<sourceObjName>IS_PHARM_USER</sourceObjName>
<createdBy>VHAHAMWandlJ</createdBy>
<createdTime>2021-02-17 21:05:44 UTC</createdTime>
<ownerDesignName>eRx Database Model v4</ownerDesignName>
<useDomainConstraints>false</useDomainConstraints>
<use>1</use>
<logicalDatatype>LOGDT024</logicalDatatype>
<dataTypeSize>1 BYTE</dataTypeSize>
<defaultValue>&apos;N&apos;</defaultValue>
<ownDataTypeParameters>1 BYTE,,</ownDataTypeParameters>
<autoIncrementCycle>false</autoIncrementCycle>
</Column>
<Column name="IS_SYSTEM_ADMN" id="95AF309C-B5A1-9E1B-EC03-09F4EC68B93E">
<sourceConnName>erd3_erx_19c</sourceConnName>
<sourceObjSchema>VA_USER</sourceObjSchema>
<sourceObjName>IS_SYSTEM_ADMN</sourceObjName>
<createdBy>VHAHAMWandlJ</createdBy>
<createdTime>2021-02-17 21:05:44 UTC</createdTime>
<ownerDesignName>eRx Database Model v4</ownerDesignName>
<useDomainConstraints>false</useDomainConstraints>
<use>1</use>
<logicalDatatype>LOGDT024</logicalDatatype>
<dataTypeSize>1 BYTE</dataTypeSize>
<defaultValue>&apos;N&apos;</defaultValue>
<ownDataTypeParameters>1 BYTE,,</ownDataTypeParameters>
<autoIncrementCycle>false</autoIncrementCycle>
</Column>
<Column name="UPDATED_DATE" id="9889A88F-E500-4325-A66B-322DEC336DE8">
<sourceConnName>erd3_erx_19c</sourceConnName>
<sourceObjSchema>VA_USER</sourceObjSchema>
<sourceObjName>UPDATED_DATE</sourceObjName>
<createdBy>VHAHAMWandlJ</createdBy>
<createdTime>2021-02-17 21:05:44 UTC</createdTime>
<ownerDesignName>eRx Database Model v4</ownerDesignName>
<nullsAllowed>true</nullsAllowed>
<useDomainConstraints>false</useDomainConstraints>
<use>1</use>
<logicalDatatype>LOGDT007</logicalDatatype>
<dataTypeSize>7</dataTypeSize>
<ownDataTypeParameters>7,,</ownDataTypeParameters>
<autoIncrementCycle>false</autoIncrementCycle>
</Column>
<Column name="CREATED_DATE" id="EBBABFDA-5C48-6656-CC61-F84A8E1F5389">
<sourceConnName>erd3_erx_19c</sourceConnName>
<sourceObjSchema>VA_USER</sourceObjSchema>
<sourceObjName>CREATED_DATE</sourceObjName>
<createdBy>VHAHAMWandlJ</createdBy>
<createdTime>2021-02-17 21:05:44 UTC</createdTime>
<ownerDesignName>eRx Database Model v4</ownerDesignName>
<nullsAllowed>true</nullsAllowed>
<useDomainConstraints>false</useDomainConstraints>
<use>1</use>
<logicalDatatype>LOGDT007</logicalDatatype>
<dataTypeSize>7</dataTypeSize>
<ownDataTypeParameters>7,,</ownDataTypeParameters>
<autoIncrementCycle>false</autoIncrementCycle>
</Column>
<Column name="UPDATED_BY" id="53F537C6-0146-8705-E606-6072F37081C3">
<sourceConnName>erd3_erx_19c</sourceConnName>
<sourceObjSchema>VA_USER</sourceObjSchema>
<sourceObjName>UPDATED_BY</sourceObjName>
<createdBy>VHAHAMWandlJ</createdBy>
<createdTime>2021-02-17 21:05:44 UTC</createdTime>
<ownerDesignName>eRx Database Model v4</ownerDesignName>
<nullsAllowed>true</nullsAllowed>
<useDomainConstraints>false</useDomainConstraints>
<use>1</use>
<logicalDatatype>LOGDT024</logicalDatatype>
<dataTypeSize>20 BYTE</dataTypeSize>
<ownDataTypeParameters>20 BYTE,,</ownDataTypeParameters>
<autoIncrementCycle>false</autoIncrementCycle>
</Column>
<Column name="CREATED_BY" id="2A2FAFA8-D439-EFDF-4B3A-7599E56821AA">
<sourceConnName>erd3_erx_19c</sourceConnName>
<sourceObjSchema>VA_USER</sourceObjSchema>
<sourceObjName>CREATED_BY</sourceObjName>
<createdBy>VHAHAMWandlJ</createdBy>
<createdTime>2021-02-17 21:05:44 UTC</createdTime>
<ownerDesignName>eRx Database Model v4</ownerDesignName>
<nullsAllowed>true</nullsAllowed>
<useDomainConstraints>false</useDomainConstraints>
<use>1</use>
<logicalDatatype>LOGDT024</logicalDatatype>
<dataTypeSize>20 BYTE</dataTypeSize>
<ownDataTypeParameters>20 BYTE,,</ownDataTypeParameters>
<autoIncrementCycle>false</autoIncrementCycle>
</Column>
<Column name="IS_ENABLED" id="0050B2D2-6A46-9A09-620F-2D9D0ED7AF5F">
<sourceConnName>erd3_erx_19c</sourceConnName>
<sourceObjSchema>VA_USER</sourceObjSchema>
<sourceObjName>IS_ENABLED</sourceObjName>
<createdBy>VHAHAMWandlJ</createdBy>
<createdTime>2021-02-17 21:05:44 UTC</createdTime>
<ownerDesignName>eRx Database Model v4</ownerDesignName>
<useDomainConstraints>false</useDomainConstraints>
<use>1</use>
<logicalDatatype>LOGDT024</logicalDatatype>
<dataTypeSize>1 BYTE</dataTypeSize>
<defaultValue>&apos;Y&apos;</defaultValue>
<ownDataTypeParameters>1 BYTE,,</ownDataTypeParameters>
<autoIncrementCycle>false</autoIncrementCycle>
</Column>
<Column name="VA_STATION_IDS" id="851BC7FB-92ED-FDE8-DD8E-82EF55BBF4A6">
<sourceConnName>erd3_erx_19c</sourceConnName>
<sourceObjSchema>VA_USER</sourceObjSchema>
<sourceObjName>VA_STATION_IDS</sourceObjName>
<createdBy>VHAHAMWandlJ</createdBy>
<createdTime>2021-02-17 21:05:44 UTC</createdTime>
<ownerDesignName>eRx Database Model v4</ownerDesignName>
<useDomainConstraints>false</useDomainConstraints>
<use>1</use>
<logicalDatatype>LOGDT024</logicalDatatype>
<dataTypeSize>3000 BYTE</dataTypeSize>
<defaultValue>&apos;All&apos;</defaultValue>
<ownDataTypeParameters>3000 BYTE,,</ownDataTypeParameters>
<autoIncrementCycle>false</autoIncrementCycle>
</Column>
</columns>
<indexes itemClass="oracle.dbtools.crest.model.design.relational.Index">
<ind_PK_UK id="A57C29DB-B419-E7ED-920C-711BCFDAB524" name="USERS_PK">
<sourceConnName>erd3_erx_19c</sourceConnName>
<sourceObjSchema>ERX</sourceObjSchema>
<sourceObjName>USERS_PK</sourceObjName>
<createdBy>VHAHAMWandlJ</createdBy>
<createdTime>2021-02-17 21:05:49 UTC</createdTime>
<ownerDesignName>eRx Database Model v4</ownerDesignName>
<pk>true</pk>
<indexState>Primary Constraint</indexState>
<isSurrogateKey>false</isSurrogateKey>
<indexColumnUsage>
<colUsage columnID="348FB78F-7C79-2A50-5C76-DDC1DEA1FB71"/>
</indexColumnUsage>
</ind_PK_UK>
<ind_PK_UK id="B7BBDB25-AC83-E90B-2201-D8ABC1FAA927" name="VA_USERID_UK">
<sourceConnName>erd3_erx_19c</sourceConnName>
<sourceObjSchema>ERX</sourceObjSchema>
<sourceObjName>VA_USERID_UK</sourceObjName>
<createdBy>VHAHAMWandlJ</createdBy>
<createdTime>2021-02-17 21:05:49 UTC</createdTime>
<ownerDesignName>eRx Database Model v4</ownerDesignName>
<indexState>Unique Constraint</indexState>
<isSurrogateKey>false</isSurrogateKey>
<indexColumnUsage>
<colUsage columnID="2F07A48E-E89E-6CC8-1197-A87C0C55178C"/>
</indexColumnUsage>
</ind_PK_UK>
<ind_PK_UK id="F60E5E32-AD08-5DE1-48D8-6E0F09815B6B" schemaObject="B30EB6F8-3729-5C21-2C5D-963BAA817587" name="USERS_PK">
<sourceConnName>erd3_erx_19c</sourceConnName>
<sourceObjSchema>ERX</sourceObjSchema>
<sourceObjName>USERS_PK</sourceObjName>
<createdBy>VHAHAMWandlJ</createdBy>
<createdTime>2021-02-17 21:05:49 UTC</createdTime>
<ownerDesignName>eRx Database Model v4</ownerDesignName>
<indexState>Unique Plain Index</indexState>
<isSurrogateKey>false</isSurrogateKey>
<indexColumnUsage>
<colUsage columnID="348FB78F-7C79-2A50-5C76-DDC1DEA1FB71"/>
</indexColumnUsage>
</ind_PK_UK>
<ind_PK_UK id="5D48E0B4-13F8-5312-8F8D-36FE8AEAE239" schemaObject="B30EB6F8-3729-5C21-2C5D-963BAA817587" name="VA_USERID_UK">
<sourceConnName>erd3_erx_19c</sourceConnName>
<sourceObjSchema>ERX</sourceObjSchema>
<sourceObjName>VA_USERID_UK</sourceObjName>
<createdBy>VHAHAMWandlJ</createdBy>
<createdTime>2021-02-17 21:05:49 UTC</createdTime>
<ownerDesignName>eRx Database Model v4</ownerDesignName>
<indexState>Unique Plain Index</indexState>
<isSurrogateKey>false</isSurrogateKey>
<indexColumnUsage>
<colUsage columnID="2F07A48E-E89E-6CC8-1197-A87C0C55178C"/>
</indexColumnUsage>
</ind_PK_UK>
</indexes>
</Table>