<?xml version = '1.0' encoding = 'UTF-8'?>
<Table class="oracle.dbtools.crest.model.design.relational.Table" directorySegmentName="seg_0" id="2C15DBC2-E918-C75D-E2EF-BB752248C680" schemaObject="B30EB6F8-3729-5C21-2C5D-963BAA817587" name="PHARMACY">
<sourceConnName>erd3_erx_19c</sourceConnName>
<sourceObjSchema>ERX</sourceObjSchema>
<sourceObjName>PHARMACY</sourceObjName>
<createdBy>VHAHAMWandlJ</createdBy>
<createdTime>2021-02-17 21:05:43 UTC</createdTime>
<ownerDesignName>eRx Database Model v4</ownerDesignName>
<allowColumnReorder>false</allowColumnReorder>
<existDependencyGenerateInDDl>true</existDependencyGenerateInDDl>
<parsed>true</parsed>
<columns itemClass="oracle.dbtools.crest.model.design.relational.Column">
<Column name="PHARMACY_ID" id="6BCBDEE7-2CF5-909A-AD26-060C9FB05297">
<sourceConnName>erd3_erx_19c</sourceConnName>
<sourceObjSchema>PHARMACY</sourceObjSchema>
<sourceObjName>PHARMACY_ID</sourceObjName>
<createdBy>VHAHAMWandlJ</createdBy>
<createdTime>2021-02-17 21:05:44 UTC</createdTime>
<ownerDesignName>eRx Database Model v4</ownerDesignName>
<useDomainConstraints>false</useDomainConstraints>
<use>1</use>
<logicalDatatype>LOGDT019</logicalDatatype>
<ownDataTypeParameters>,,</ownDataTypeParameters>
<autoIncrementCycle>false</autoIncrementCycle>
</Column>
<Column name="VA_STATION_ID" id="F162E0E3-1ACD-9B26-6027-E869712276F2">
<sourceConnName>erd3_erx_19c</sourceConnName>
<sourceObjSchema>PHARMACY</sourceObjSchema>
<sourceObjName>VA_STATION_ID</sourceObjName>
<createdBy>VHAHAMWandlJ</createdBy>
<createdTime>2021-02-17 21:05:44 UTC</createdTime>
<commentInRDBMS><![CDATA[VA STATION ID]]></commentInRDBMS>
<ownerDesignName>eRx Database Model v4</ownerDesignName>
<useDomainConstraints>false</useDomainConstraints>
<use>1</use>
<logicalDatatype>LOGDT024</logicalDatatype>
<dataTypeSize>10 BYTE</dataTypeSize>
<ownDataTypeParameters>10 BYTE,,</ownDataTypeParameters>
<autoIncrementCycle>false</autoIncrementCycle>
</Column>
<Column name="VISN" id="1243A27C-6178-947A-64FD-CEA8375AD5A9">
<sourceConnName>erd3_erx_19c</sourceConnName>
<sourceObjSchema>PHARMACY</sourceObjSchema>
<sourceObjName>VISN</sourceObjName>
<createdBy>VHAHAMWandlJ</createdBy>
<createdTime>2021-02-17 21:05:44 UTC</createdTime>
<ownerDesignName>eRx Database Model v4</ownerDesignName>
<useDomainConstraints>false</useDomainConstraints>
<use>1</use>
<logicalDatatype>LOGDT019</logicalDatatype>
<ownDataTypeParameters>,,</ownDataTypeParameters>
<autoIncrementCycle>false</autoIncrementCycle>
</Column>
<Column name="DIVISION_NAME" id="727803B2-D781-000F-D81E-D499598399BE">
<sourceConnName>erd3_erx_19c</sourceConnName>
<sourceObjSchema>PHARMACY</sourceObjSchema>
<sourceObjName>DIVISION_NAME</sourceObjName>
<createdBy>VHAHAMWandlJ</createdBy>
<createdTime>2021-02-17 21:05:44 UTC</createdTime>
<ownerDesignName>eRx Database Model v4</ownerDesignName>
<useDomainConstraints>false</useDomainConstraints>
<use>1</use>
<logicalDatatype>LOGDT024</logicalDatatype>
<dataTypeSize>35 BYTE</dataTypeSize>
<ownDataTypeParameters>35 BYTE,,</ownDataTypeParameters>
<autoIncrementCycle>false</autoIncrementCycle>
</Column>
<Column name="NCPDP_ID" id="117DF097-967D-E57B-3246-4162F7BC295E">
<sourceConnName>erd3_erx_19c</sourceConnName>
<sourceObjSchema>PHARMACY</sourceObjSchema>
<sourceObjName>NCPDP_ID</sourceObjName>
<createdBy>VHAHAMWandlJ</createdBy>
<createdTime>2021-02-17 21:05:44 UTC</createdTime>
<ownerDesignName>eRx Database Model v4</ownerDesignName>
<useDomainConstraints>false</useDomainConstraints>
<use>1</use>
<logicalDatatype>LOGDT024</logicalDatatype>
<dataTypeSize>7 BYTE</dataTypeSize>
<ownDataTypeParameters>7 BYTE,,</ownDataTypeParameters>
<autoIncrementCycle>false</autoIncrementCycle>
</Column>
<Column name="NPI" id="B679835D-C765-09F7-92BE-83C29F383364">
<sourceConnName>erd3_erx_19c</sourceConnName>
<sourceObjSchema>PHARMACY</sourceObjSchema>
<sourceObjName>NPI</sourceObjName>
<createdBy>VHAHAMWandlJ</createdBy>
<createdTime>2021-02-17 21:05:44 UTC</createdTime>
<ownerDesignName>eRx Database Model v4</ownerDesignName>
<nullsAllowed>true</nullsAllowed>
<useDomainConstraints>false</useDomainConstraints>
<use>1</use>
<logicalDatatype>LOGDT019</logicalDatatype>
<ownDataTypeParameters>,,</ownDataTypeParameters>
<autoIncrementCycle>false</autoIncrementCycle>
</Column>
<Column name="STORE_NAME" id="358F833C-8C1C-5809-5B07-A70D2ABBD099">
<sourceConnName>erd3_erx_19c</sourceConnName>
<sourceObjSchema>PHARMACY</sourceObjSchema>
<sourceObjName>STORE_NAME</sourceObjName>
<createdBy>VHAHAMWandlJ</createdBy>
<createdTime>2021-02-17 21:05:44 UTC</createdTime>
<ownerDesignName>eRx Database Model v4</ownerDesignName>
<useDomainConstraints>false</useDomainConstraints>
<use>1</use>
<logicalDatatype>LOGDT024</logicalDatatype>
<dataTypeSize>35 BYTE</dataTypeSize>
<ownDataTypeParameters>35 BYTE,,</ownDataTypeParameters>
<autoIncrementCycle>false</autoIncrementCycle>
</Column>
<Column name="PHARMACIST_LAST_NAME" id="DA0EECDC-88CA-C549-BF2E-6FEFC2B1F7B6">
<sourceConnName>erd3_erx_19c</sourceConnName>
<sourceObjSchema>PHARMACY</sourceObjSchema>
<sourceObjName>PHARMACIST_LAST_NAME</sourceObjName>
<createdBy>VHAHAMWandlJ</createdBy>
<createdTime>2021-02-17 21:05:44 UTC</createdTime>
<ownerDesignName>eRx Database Model v4</ownerDesignName>
<nullsAllowed>true</nullsAllowed>
<useDomainConstraints>false</useDomainConstraints>
<use>1</use>
<logicalDatatype>LOGDT024</logicalDatatype>
<dataTypeSize>35 BYTE</dataTypeSize>
<ownDataTypeParameters>35 BYTE,,</ownDataTypeParameters>
<autoIncrementCycle>false</autoIncrementCycle>
</Column>
<Column name="PHARMACIST_FIRST_NAME" id="DB2B9A6D-8EBF-9DC6-8FEA-FF52773E52E3">
<sourceConnName>erd3_erx_19c</sourceConnName>
<sourceObjSchema>PHARMACY</sourceObjSchema>
<sourceObjName>PHARMACIST_FIRST_NAME</sourceObjName>
<createdBy>VHAHAMWandlJ</createdBy>
<createdTime>2021-02-17 21:05:44 UTC</createdTime>
<ownerDesignName>eRx Database Model v4</ownerDesignName>
<nullsAllowed>true</nullsAllowed>
<useDomainConstraints>false</useDomainConstraints>
<use>1</use>
<logicalDatatype>LOGDT024</logicalDatatype>
<dataTypeSize>35 BYTE</dataTypeSize>
<ownDataTypeParameters>35 BYTE,,</ownDataTypeParameters>
<autoIncrementCycle>false</autoIncrementCycle>
</Column>
<Column name="PHARMACIST_MIDDLE_NAME" id="B1D037D5-8969-DF2F-AB23-30B117205F28">
<sourceConnName>erd3_erx_19c</sourceConnName>
<sourceObjSchema>PHARMACY</sourceObjSchema>
<sourceObjName>PHARMACIST_MIDDLE_NAME</sourceObjName>
<createdBy>VHAHAMWandlJ</createdBy>
<createdTime>2021-02-17 21:05:44 UTC</createdTime>
<ownerDesignName>eRx Database Model v4</ownerDesignName>
<nullsAllowed>true</nullsAllowed>
<useDomainConstraints>false</useDomainConstraints>
<use>1</use>
<logicalDatatype>LOGDT024</logicalDatatype>
<dataTypeSize>35 BYTE</dataTypeSize>
<ownDataTypeParameters>35 BYTE,,</ownDataTypeParameters>
<autoIncrementCycle>false</autoIncrementCycle>
</Column>
<Column name="PHARMACIST_SUFFIX" id="53C46724-D5C2-57F6-8011-9B51CB041527">
<sourceConnName>erd3_erx_19c</sourceConnName>
<sourceObjSchema>PHARMACY</sourceObjSchema>
<sourceObjName>PHARMACIST_SUFFIX</sourceObjName>
<createdBy>VHAHAMWandlJ</createdBy>
<createdTime>2021-02-17 21:05:44 UTC</createdTime>
<ownerDesignName>eRx Database Model v4</ownerDesignName>
<nullsAllowed>true</nullsAllowed>
<useDomainConstraints>false</useDomainConstraints>
<use>1</use>
<logicalDatatype>LOGDT024</logicalDatatype>
<dataTypeSize>35 BYTE</dataTypeSize>
<ownDataTypeParameters>35 BYTE,,</ownDataTypeParameters>
<autoIncrementCycle>false</autoIncrementCycle>
</Column>
<Column name="PHARMACIST_PREFIX" id="BF0BF905-0C40-4295-2ED3-41F9220FF33D">
<sourceConnName>erd3_erx_19c</sourceConnName>
<sourceObjSchema>PHARMACY</sourceObjSchema>
<sourceObjName>PHARMACIST_PREFIX</sourceObjName>
<createdBy>VHAHAMWandlJ</createdBy>
<createdTime>2021-02-17 21:05:44 UTC</createdTime>
<ownerDesignName>eRx Database Model v4</ownerDesignName>
<nullsAllowed>true</nullsAllowed>
<useDomainConstraints>false</useDomainConstraints>
<use>1</use>
<logicalDatatype>LOGDT024</logicalDatatype>
<dataTypeSize>35 BYTE</dataTypeSize>
<ownDataTypeParameters>35 BYTE,,</ownDataTypeParameters>
<autoIncrementCycle>false</autoIncrementCycle>
</Column>
<Column name="PHARMACY_ADDRESS_LINE_1" id="6E0988F1-CD56-B162-FEAF-C476F6033793">
<sourceConnName>erd3_erx_19c</sourceConnName>
<sourceObjSchema>PHARMACY</sourceObjSchema>
<sourceObjName>PHARMACY_ADDRESS_LINE_1</sourceObjName>
<createdBy>VHAHAMWandlJ</createdBy>
<createdTime>2021-02-17 21:05:44 UTC</createdTime>
<ownerDesignName>eRx Database Model v4</ownerDesignName>
<useDomainConstraints>false</useDomainConstraints>
<use>1</use>
<logicalDatatype>LOGDT024</logicalDatatype>
<dataTypeSize>35 BYTE</dataTypeSize>
<ownDataTypeParameters>35 BYTE,,</ownDataTypeParameters>
<autoIncrementCycle>false</autoIncrementCycle>
</Column>
<Column name="PHARMACY_ADDRESS_LINE_2" id="A9097062-8485-8ECD-32E5-FA45BE6EC0D6">
<sourceConnName>erd3_erx_19c</sourceConnName>
<sourceObjSchema>PHARMACY</sourceObjSchema>
<sourceObjName>PHARMACY_ADDRESS_LINE_2</sourceObjName>
<createdBy>VHAHAMWandlJ</createdBy>
<createdTime>2021-02-17 21:05:44 UTC</createdTime>
<ownerDesignName>eRx Database Model v4</ownerDesignName>
<nullsAllowed>true</nullsAllowed>
<useDomainConstraints>false</useDomainConstraints>
<use>1</use>
<logicalDatatype>LOGDT024</logicalDatatype>
<dataTypeSize>35 BYTE</dataTypeSize>
<ownDataTypeParameters>35 BYTE,,</ownDataTypeParameters>
<autoIncrementCycle>false</autoIncrementCycle>
</Column>
<Column name="PHARMACY_CITY" id="3C624D70-CE48-7C1F-0CDF-5720BC4CEECB">
<sourceConnName>erd3_erx_19c</sourceConnName>
<sourceObjSchema>PHARMACY</sourceObjSchema>
<sourceObjName>PHARMACY_CITY</sourceObjName>
<createdBy>VHAHAMWandlJ</createdBy>
<createdTime>2021-02-17 21:05:44 UTC</createdTime>
<ownerDesignName>eRx Database Model v4</ownerDesignName>
<useDomainConstraints>false</useDomainConstraints>
<use>1</use>
<logicalDatatype>LOGDT024</logicalDatatype>
<dataTypeSize>35 BYTE</dataTypeSize>
<ownDataTypeParameters>35 BYTE,,</ownDataTypeParameters>
<autoIncrementCycle>false</autoIncrementCycle>
</Column>
<Column name="PHARMACY_STATE" id="5BBAA044-0CF4-417C-D16A-A017922E6979">
<sourceConnName>erd3_erx_19c</sourceConnName>
<sourceObjSchema>PHARMACY</sourceObjSchema>
<sourceObjName>PHARMACY_STATE</sourceObjName>
<createdBy>VHAHAMWandlJ</createdBy>
<createdTime>2021-02-17 21:05:44 UTC</createdTime>
<ownerDesignName>eRx Database Model v4</ownerDesignName>
<useDomainConstraints>false</useDomainConstraints>
<use>1</use>
<logicalDatatype>LOGDT024</logicalDatatype>
<dataTypeSize>2 BYTE</dataTypeSize>
<ownDataTypeParameters>2 BYTE,,</ownDataTypeParameters>
<autoIncrementCycle>false</autoIncrementCycle>
</Column>
<Column name="PHARMACY_ZIPCODE" id="CBC4EA20-92B6-2212-89F1-375B80535A3A">
<sourceConnName>erd3_erx_19c</sourceConnName>
<sourceObjSchema>PHARMACY</sourceObjSchema>
<sourceObjName>PHARMACY_ZIPCODE</sourceObjName>
<createdBy>VHAHAMWandlJ</createdBy>
<createdTime>2021-02-17 21:05:44 UTC</createdTime>
<ownerDesignName>eRx Database Model v4</ownerDesignName>
<useDomainConstraints>false</useDomainConstraints>
<use>1</use>
<logicalDatatype>LOGDT024</logicalDatatype>
<dataTypeSize>10 BYTE</dataTypeSize>
<ownDataTypeParameters>10 BYTE,,</ownDataTypeParameters>
<autoIncrementCycle>false</autoIncrementCycle>
</Column>
<Column name="CROSS_STREET" id="96F5F110-7BEC-1B33-394A-8A943E0AAE03">
<sourceConnName>erd3_erx_19c</sourceConnName>
<sourceObjSchema>PHARMACY</sourceObjSchema>
<sourceObjName>CROSS_STREET</sourceObjName>
<createdBy>VHAHAMWandlJ</createdBy>
<createdTime>2021-02-17 21:05:44 UTC</createdTime>
<ownerDesignName>eRx Database Model v4</ownerDesignName>
<nullsAllowed>true</nullsAllowed>
<useDomainConstraints>false</useDomainConstraints>
<use>1</use>
<logicalDatatype>LOGDT024</logicalDatatype>
<dataTypeSize>35 BYTE</dataTypeSize>
<ownDataTypeParameters>35 BYTE,,</ownDataTypeParameters>
<autoIncrementCycle>false</autoIncrementCycle>
</Column>
<Column name="PHARMACY_PHONE_NUMBER" id="DD4D1365-B452-B488-940C-37EFC1B91A5F">
<sourceConnName>erd3_erx_19c</sourceConnName>
<sourceObjSchema>PHARMACY</sourceObjSchema>
<sourceObjName>PHARMACY_PHONE_NUMBER</sourceObjName>
<createdBy>VHAHAMWandlJ</createdBy>
<createdTime>2021-02-17 21:05:44 UTC</createdTime>
<ownerDesignName>eRx Database Model v4</ownerDesignName>
<useDomainConstraints>false</useDomainConstraints>
<use>1</use>
<logicalDatatype>LOGDT024</logicalDatatype>
<dataTypeSize>25 BYTE</dataTypeSize>
<ownDataTypeParameters>25 BYTE,,</ownDataTypeParameters>
<autoIncrementCycle>false</autoIncrementCycle>
</Column>
<Column name="PHARMACY_FAX_NUMBER" id="75F416EF-FC39-E594-DE90-853A01D1C367">
<sourceConnName>erd3_erx_19c</sourceConnName>
<sourceObjSchema>PHARMACY</sourceObjSchema>
<sourceObjName>PHARMACY_FAX_NUMBER</sourceObjName>
<createdBy>VHAHAMWandlJ</createdBy>
<createdTime>2021-02-17 21:05:44 UTC</createdTime>
<ownerDesignName>eRx Database Model v4</ownerDesignName>
<useDomainConstraints>false</useDomainConstraints>
<use>1</use>
<logicalDatatype>LOGDT024</logicalDatatype>
<dataTypeSize>25 BYTE</dataTypeSize>
<ownDataTypeParameters>25 BYTE,,</ownDataTypeParameters>
<autoIncrementCycle>false</autoIncrementCycle>
</Column>
<Column name="INBOUND_ERX_ENABLED" id="DF8EB8ED-5113-1ABC-B256-BF3C8572B463">
<sourceConnName>erd3_erx_19c</sourceConnName>
<sourceObjSchema>PHARMACY</sourceObjSchema>
<sourceObjName>INBOUND_ERX_ENABLED</sourceObjName>
<createdBy>VHAHAMWandlJ</createdBy>
<createdTime>2021-02-17 21:05:44 UTC</createdTime>
<ownerDesignName>eRx Database Model v4</ownerDesignName>
<constraintName>CHECK_INBOUND_ERX_ENABLED</constraintName>
<useDomainConstraints>false</useDomainConstraints>
<use>1</use>
<logicalDatatype>LOGDT019</logicalDatatype>
<listOfValues>
<valueDef value="0" description=""/>
<valueDef value="1" description=""/>
</listOfValues>
<ownDataTypeParameters>,,</ownDataTypeParameters>
<autoIncrementCycle>false</autoIncrementCycle>
</Column>
<Column name="UPDATED_DATE" id="76976171-CFE1-356C-FF0E-774C9786AF3D">
<sourceConnName>erd3_erx_19c</sourceConnName>
<sourceObjSchema>PHARMACY</sourceObjSchema>
<sourceObjName>UPDATED_DATE</sourceObjName>
<createdBy>VHAHAMWandlJ</createdBy>
<createdTime>2021-02-17 21:05:44 UTC</createdTime>
<ownerDesignName>eRx Database Model v4</ownerDesignName>
<nullsAllowed>true</nullsAllowed>
<useDomainConstraints>false</useDomainConstraints>
<use>1</use>
<logicalDatatype>LOGDT007</logicalDatatype>
<dataTypeSize>7</dataTypeSize>
<ownDataTypeParameters>7,,</ownDataTypeParameters>
<autoIncrementCycle>false</autoIncrementCycle>
</Column>
<Column name="CREATED_DATE" id="6DE7BBC0-949D-4FE0-5EF5-4F34A7C8F411">
<sourceConnName>erd3_erx_19c</sourceConnName>
<sourceObjSchema>PHARMACY</sourceObjSchema>
<sourceObjName>CREATED_DATE</sourceObjName>
<createdBy>VHAHAMWandlJ</createdBy>
<createdTime>2021-02-17 21:05:44 UTC</createdTime>
<ownerDesignName>eRx Database Model v4</ownerDesignName>
<nullsAllowed>true</nullsAllowed>
<useDomainConstraints>false</useDomainConstraints>
<use>1</use>
<logicalDatatype>LOGDT007</logicalDatatype>
<dataTypeSize>7</dataTypeSize>
<ownDataTypeParameters>7,,</ownDataTypeParameters>
<autoIncrementCycle>false</autoIncrementCycle>
</Column>
<Column name="CREATED_BY" id="5346B57E-3C3F-6154-96C0-73D1033624EC">
<sourceConnName>erd3_erx_19c</sourceConnName>
<sourceObjSchema>PHARMACY</sourceObjSchema>
<sourceObjName>CREATED_BY</sourceObjName>
<createdBy>VHAHAMWandlJ</createdBy>
<createdTime>2021-02-17 21:05:44 UTC</createdTime>
<ownerDesignName>eRx Database Model v4</ownerDesignName>
<nullsAllowed>true</nullsAllowed>
<useDomainConstraints>false</useDomainConstraints>
<use>1</use>
<logicalDatatype>LOGDT024</logicalDatatype>
<dataTypeSize>20 BYTE</dataTypeSize>
<ownDataTypeParameters>20 BYTE,,</ownDataTypeParameters>
<autoIncrementCycle>false</autoIncrementCycle>
<associations>
<colAssociation fkAssociation="614EFA4B-F6A3-6671-7908-0CAEFF4066BE" referredColumn="2F07A48E-E89E-6CC8-1197-A87C0C55178C"/>
</associations>
</Column>
<Column name="UPDATED_BY" id="3739201E-CD3E-991D-0CBD-CA5E19182139">
<sourceConnName>erd3_erx_19c</sourceConnName>
<sourceObjSchema>PHARMACY</sourceObjSchema>
<sourceObjName>UPDATED_BY</sourceObjName>
<createdBy>VHAHAMWandlJ</createdBy>
<createdTime>2021-02-17 21:05:44 UTC</createdTime>
<ownerDesignName>eRx Database Model v4</ownerDesignName>
<nullsAllowed>true</nullsAllowed>
<useDomainConstraints>false</useDomainConstraints>
<use>1</use>
<logicalDatatype>LOGDT024</logicalDatatype>
<dataTypeSize>20 BYTE</dataTypeSize>
<ownDataTypeParameters>20 BYTE,,</ownDataTypeParameters>
<autoIncrementCycle>false</autoIncrementCycle>
<associations>
<colAssociation fkAssociation="6FCA5FDF-4420-7979-6548-0B6D18619D36" referredColumn="2F07A48E-E89E-6CC8-1197-A87C0C55178C"/>
</associations>
</Column>
<Column name="EANDE_CHECK" id="AEDED684-3D6A-F9A1-F3C7-E8C3EC727283">
<sourceConnName>erd3_erx_19c</sourceConnName>
<sourceObjSchema>PHARMACY</sourceObjSchema>
<sourceObjName>EANDE_CHECK</sourceObjName>
<createdBy>VHAHAMWandlJ</createdBy>
<createdTime>2021-02-17 21:05:44 UTC</createdTime>
<ownerDesignName>eRx Database Model v4</ownerDesignName>
<useDomainConstraints>false</useDomainConstraints>
<use>1</use>
<logicalDatatype>LOGDT024</logicalDatatype>
<dataTypeSize>1 BYTE</dataTypeSize>
<defaultValue>&apos;Y&apos;</defaultValue>
<ownDataTypeParameters>1 BYTE,,</ownDataTypeParameters>
<autoIncrementCycle>false</autoIncrementCycle>
</Column>
</columns>
<indexes itemClass="oracle.dbtools.crest.model.design.relational.Index">
<ind_PK_UK id="EA330BD7-7ED7-8275-B59F-79B251E916CC" name="PHARMACY_PK">
<sourceConnName>erd3_erx_19c</sourceConnName>
<sourceObjSchema>ERX</sourceObjSchema>
<sourceObjName>PHARMACY_PK</sourceObjName>
<createdBy>VHAHAMWandlJ</createdBy>
<createdTime>2021-02-17 21:05:49 UTC</createdTime>
<ownerDesignName>eRx Database Model v4</ownerDesignName>
<pk>true</pk>
<indexState>Primary Constraint</indexState>
<isSurrogateKey>false</isSurrogateKey>
<indexColumnUsage>
<colUsage columnID="6BCBDEE7-2CF5-909A-AD26-060C9FB05297"/>
</indexColumnUsage>
</ind_PK_UK>
<ind_PK_UK id="614E87AD-A73F-37FB-FB42-47A60F491D62" name="DIVISION_NAME_UK">
<sourceConnName>erd3_erx_19c</sourceConnName>
<sourceObjSchema>ERX</sourceObjSchema>
<sourceObjName>DIVISION_NAME_UK</sourceObjName>
<createdBy>VHAHAMWandlJ</createdBy>
<createdTime>2021-02-17 21:05:49 UTC</createdTime>
<ownerDesignName>eRx Database Model v4</ownerDesignName>
<indexState>Unique Constraint</indexState>
<isSurrogateKey>false</isSurrogateKey>
<indexColumnUsage>
<colUsage columnID="727803B2-D781-000F-D81E-D499598399BE"/>
</indexColumnUsage>
</ind_PK_UK>
<ind_PK_UK id="3B9A9D88-B045-1FAB-2D7B-66CE962EDEFD" name="NCPDP_ID_UK">
<sourceConnName>erd3_erx_19c</sourceConnName>
<sourceObjSchema>ERX</sourceObjSchema>
<sourceObjName>NCPDP_ID_UK</sourceObjName>
<createdBy>VHAHAMWandlJ</createdBy>
<createdTime>2021-02-17 21:05:49 UTC</createdTime>
<ownerDesignName>eRx Database Model v4</ownerDesignName>
<indexState>Unique Constraint</indexState>
<isSurrogateKey>false</isSurrogateKey>
<indexColumnUsage>
<colUsage columnID="117DF097-967D-E57B-3246-4162F7BC295E"/>
</indexColumnUsage>
</ind_PK_UK>
<ind_PK_UK id="8078FCAF-C878-4D43-62FA-6C2428A6E94D" name="NPI_UK">
<sourceConnName>erd3_erx_19c</sourceConnName>
<sourceObjSchema>ERX</sourceObjSchema>
<sourceObjName>NPI_UK</sourceObjName>
<createdBy>VHAHAMWandlJ</createdBy>
<createdTime>2021-02-17 21:05:49 UTC</createdTime>
<ownerDesignName>eRx Database Model v4</ownerDesignName>
<indexState>Unique Constraint</indexState>
<isSurrogateKey>false</isSurrogateKey>
<indexColumnUsage>
<colUsage columnID="B679835D-C765-09F7-92BE-83C29F383364"/>
</indexColumnUsage>
</ind_PK_UK>
<ind_PK_UK id="FD54DBA3-FD9E-56AB-4849-21E12C743A2E" name="VA_STATION_ID_UK">
<sourceConnName>erd3_erx_19c</sourceConnName>
<sourceObjSchema>ERX</sourceObjSchema>
<sourceObjName>VA_STATION_ID_UK</sourceObjName>
<createdBy>VHAHAMWandlJ</createdBy>
<createdTime>2021-02-17 21:05:49 UTC</createdTime>
<ownerDesignName>eRx Database Model v4</ownerDesignName>
<indexState>Unique Constraint</indexState>
<isSurrogateKey>false</isSurrogateKey>
<indexColumnUsage>
<colUsage columnID="F162E0E3-1ACD-9B26-6027-E869712276F2"/>
</indexColumnUsage>
</ind_PK_UK>
<ind_PK_UK id="25397C03-A03F-9093-BE5B-0217B8710839" schemaObject="B30EB6F8-3729-5C21-2C5D-963BAA817587" name="DIVISION_NAME_UK">
<sourceConnName>erd3_erx_19c</sourceConnName>
<sourceObjSchema>ERX</sourceObjSchema>
<sourceObjName>DIVISION_NAME_UK</sourceObjName>
<createdBy>VHAHAMWandlJ</createdBy>
<createdTime>2021-02-17 21:05:49 UTC</createdTime>
<ownerDesignName>eRx Database Model v4</ownerDesignName>
<indexState>Unique Plain Index</indexState>
<isSurrogateKey>false</isSurrogateKey>
<indexColumnUsage>
<colUsage columnID="727803B2-D781-000F-D81E-D499598399BE"/>
</indexColumnUsage>
</ind_PK_UK>
<ind_PK_UK id="CD860802-A899-121E-8802-D39BB040B0EA" schemaObject="B30EB6F8-3729-5C21-2C5D-963BAA817587" name="NCPDP_ID_UK">
<sourceConnName>erd3_erx_19c</sourceConnName>
<sourceObjSchema>ERX</sourceObjSchema>
<sourceObjName>NCPDP_ID_UK</sourceObjName>
<createdBy>VHAHAMWandlJ</createdBy>
<createdTime>2021-02-17 21:05:49 UTC</createdTime>
<ownerDesignName>eRx Database Model v4</ownerDesignName>
<indexState>Unique Plain Index</indexState>
<isSurrogateKey>false</isSurrogateKey>
<indexColumnUsage>
<colUsage columnID="117DF097-967D-E57B-3246-4162F7BC295E"/>
</indexColumnUsage>
</ind_PK_UK>
<ind_PK_UK id="9AF82770-52A9-BD36-3385-92E9422F1B9A" schemaObject="B30EB6F8-3729-5C21-2C5D-963BAA817587" name="NPI_UK">
<sourceConnName>erd3_erx_19c</sourceConnName>
<sourceObjSchema>ERX</sourceObjSchema>
<sourceObjName>NPI_UK</sourceObjName>
<createdBy>VHAHAMWandlJ</createdBy>
<createdTime>2021-02-17 21:05:49 UTC</createdTime>
<ownerDesignName>eRx Database Model v4</ownerDesignName>
<indexState>Unique Plain Index</indexState>
<isSurrogateKey>false</isSurrogateKey>
<indexColumnUsage>
<colUsage columnID="B679835D-C765-09F7-92BE-83C29F383364"/>
</indexColumnUsage>
</ind_PK_UK>
<ind_PK_UK id="A8C18F29-32F5-7ABF-2366-58C15C47C28A" schemaObject="B30EB6F8-3729-5C21-2C5D-963BAA817587" name="PHARMACY_PK">
<sourceConnName>erd3_erx_19c</sourceConnName>
<sourceObjSchema>ERX</sourceObjSchema>
<sourceObjName>PHARMACY_PK</sourceObjName>
<createdBy>VHAHAMWandlJ</createdBy>
<createdTime>2021-02-17 21:05:49 UTC</createdTime>
<ownerDesignName>eRx Database Model v4</ownerDesignName>
<indexState>Unique Plain Index</indexState>
<isSurrogateKey>false</isSurrogateKey>
<indexColumnUsage>
<colUsage columnID="6BCBDEE7-2CF5-909A-AD26-060C9FB05297"/>
</indexColumnUsage>
</ind_PK_UK>
<ind_PK_UK id="5B26C114-147B-A275-C211-78D702E0E3F8" schemaObject="B30EB6F8-3729-5C21-2C5D-963BAA817587" name="VA_STATION_ID_UK">
<sourceConnName>erd3_erx_19c</sourceConnName>
<sourceObjSchema>ERX</sourceObjSchema>
<sourceObjName>VA_STATION_ID_UK</sourceObjName>
<createdBy>VHAHAMWandlJ</createdBy>
<createdTime>2021-02-17 21:05:49 UTC</createdTime>
<ownerDesignName>eRx Database Model v4</ownerDesignName>
<indexState>Unique Plain Index</indexState>
<isSurrogateKey>false</isSurrogateKey>
<indexColumnUsage>
<colUsage columnID="F162E0E3-1ACD-9B26-6027-E869712276F2"/>
</indexColumnUsage>
</ind_PK_UK>
<ind_PK_UK id="47C6A3F9-5AAB-2847-D967-91018A39EA7D" name="PHARMACY_USERS_CREATED_FK">
<createdBy>VHAHAMWandlJ</createdBy>
<createdTime>2021-02-17 21:05:51 UTC</createdTime>
<ownerDesignName>eRx Database Model v4</ownerDesignName>
<indexState>Foreign Key</indexState>
<isSurrogateKey>false</isSurrogateKey>
<indexColumnUsage>
<colUsage columnID="5346B57E-3C3F-6154-96C0-73D1033624EC"/>
</indexColumnUsage>
</ind_PK_UK>
<ind_PK_UK id="AADF3DFF-0664-40F0-2F8D-084DC150ADB8" name="PHARMACY_USERS_UPDATED_FK">
<createdBy>VHAHAMWandlJ</createdBy>
<createdTime>2021-02-17 21:05:51 UTC</createdTime>
<ownerDesignName>eRx Database Model v4</ownerDesignName>
<indexState>Foreign Key</indexState>
<isSurrogateKey>false</isSurrogateKey>
<indexColumnUsage>
<colUsage columnID="3739201E-CD3E-991D-0CBD-CA5E19182139"/>
</indexColumnUsage>
</ind_PK_UK>
</indexes>
</Table>