<?xml version = '1.0' encoding = 'UTF-8'?>
<Table class="oracle.dbtools.crest.model.design.relational.Table" directorySegmentName="seg_0" id="437A0196-1944-77DD-F03B-AB8CCD12D000" schemaObject="B30EB6F8-3729-5C21-2C5D-963BAA817587" name="INBOUND_NCPDP_MSG">
<sourceConnName>erd3_erx_19c</sourceConnName>
<sourceObjSchema>ERX</sourceObjSchema>
<sourceObjName>INBOUND_NCPDP_MSG</sourceObjName>
<createdBy>VHAHAMWandlJ</createdBy>
<createdTime>2021-02-17 21:05:43 UTC</createdTime>
<ownerDesignName>eRx Database Model v4</ownerDesignName>
<allowColumnReorder>false</allowColumnReorder>
<existDependencyGenerateInDDl>true</existDependencyGenerateInDDl>
<parsed>true</parsed>
<columns itemClass="oracle.dbtools.crest.model.design.relational.Column">
<Column name="INBOUND_NCPDP_MSG_ID" id="BB5D8478-956C-CF81-E8DE-140056B23275">
<sourceConnName>erd3_erx_19c</sourceConnName>
<sourceObjSchema>INBOUND_NCPDP_MSG</sourceObjSchema>
<sourceObjName>INBOUND_NCPDP_MSG_ID</sourceObjName>
<createdBy>VHAHAMWandlJ</createdBy>
<createdTime>2021-02-17 21:05:44 UTC</createdTime>
<ownerDesignName>eRx Database Model v4</ownerDesignName>
<useDomainConstraints>false</useDomainConstraints>
<use>1</use>
<logicalDatatype>LOGDT019</logicalDatatype>
<ownDataTypeParameters>,,</ownDataTypeParameters>
<autoIncrementCycle>false</autoIncrementCycle>
</Column>
<Column name="MESSAGE_ID" id="64C3F3A6-5A9F-F506-992E-D3FFCD8CE219">
<sourceConnName>erd3_erx_19c</sourceConnName>
<sourceObjSchema>INBOUND_NCPDP_MSG</sourceObjSchema>
<sourceObjName>MESSAGE_ID</sourceObjName>
<createdBy>VHAHAMWandlJ</createdBy>
<createdTime>2021-02-17 21:05:44 UTC</createdTime>
<ownerDesignName>eRx Database Model v4</ownerDesignName>
<nullsAllowed>true</nullsAllowed>
<useDomainConstraints>false</useDomainConstraints>
<use>1</use>
<logicalDatatype>LOGDT024</logicalDatatype>
<dataTypeSize>35 BYTE</dataTypeSize>
<ownDataTypeParameters>35 BYTE,,</ownDataTypeParameters>
<autoIncrementCycle>false</autoIncrementCycle>
</Column>
<Column name="REL_TO_MESSAGE_ID" id="250940A3-458D-9800-FA3F-1E891E64202E">
<sourceConnName>erd3_erx_19c</sourceConnName>
<sourceObjSchema>INBOUND_NCPDP_MSG</sourceObjSchema>
<sourceObjName>REL_TO_MESSAGE_ID</sourceObjName>
<createdBy>VHAHAMWandlJ</createdBy>
<createdTime>2021-02-17 21:05:44 UTC</createdTime>
<ownerDesignName>eRx Database Model v4</ownerDesignName>
<nullsAllowed>true</nullsAllowed>
<useDomainConstraints>false</useDomainConstraints>
<use>1</use>
<logicalDatatype>LOGDT024</logicalDatatype>
<dataTypeSize>35 BYTE</dataTypeSize>
<ownDataTypeParameters>35 BYTE,,</ownDataTypeParameters>
<autoIncrementCycle>false</autoIncrementCycle>
</Column>
<Column name="MESSAGE_TYPE" id="2B4B2CCA-7E3F-31F8-5970-2B4806D0A20A">
<sourceConnName>erd3_erx_19c</sourceConnName>
<sourceObjSchema>INBOUND_NCPDP_MSG</sourceObjSchema>
<sourceObjName>MESSAGE_TYPE</sourceObjName>
<createdBy>VHAHAMWandlJ</createdBy>
<createdTime>2021-02-17 21:05:44 UTC</createdTime>
<ownerDesignName>eRx Database Model v4</ownerDesignName>
<nullsAllowed>true</nullsAllowed>
<useDomainConstraints>false</useDomainConstraints>
<use>1</use>
<logicalDatatype>LOGDT024</logicalDatatype>
<dataTypeSize>35 BYTE</dataTypeSize>
<ownDataTypeParameters>35 BYTE,,</ownDataTypeParameters>
<autoIncrementCycle>false</autoIncrementCycle>
</Column>
<Column name="MESSAGE_FROM" id="7916AF22-094A-86FC-3710-B00C66090A86">
<sourceConnName>erd3_erx_19c</sourceConnName>
<sourceObjSchema>INBOUND_NCPDP_MSG</sourceObjSchema>
<sourceObjName>MESSAGE_FROM</sourceObjName>
<createdBy>VHAHAMWandlJ</createdBy>
<createdTime>2021-02-17 21:05:44 UTC</createdTime>
<ownerDesignName>eRx Database Model v4</ownerDesignName>
<nullsAllowed>true</nullsAllowed>
<useDomainConstraints>false</useDomainConstraints>
<use>1</use>
<logicalDatatype>LOGDT024</logicalDatatype>
<dataTypeSize>35 BYTE</dataTypeSize>
<ownDataTypeParameters>35 BYTE,,</ownDataTypeParameters>
<autoIncrementCycle>false</autoIncrementCycle>
</Column>
<Column name="MESSAGE" id="09BA0B26-B8EC-6268-2B50-7F16EE686F94">
<sourceConnName>erd3_erx_19c</sourceConnName>
<sourceObjSchema>INBOUND_NCPDP_MSG</sourceObjSchema>
<sourceObjName>MESSAGE</sourceObjName>
<createdBy>VHAHAMWandlJ</createdBy>
<createdTime>2021-02-17 21:05:44 UTC</createdTime>
<ownerDesignName>eRx Database Model v4</ownerDesignName>
<nullsAllowed>true</nullsAllowed>
<useDomainConstraints>false</useDomainConstraints>
<use>1</use>
<logicalDatatype>LOGDT050</logicalDatatype>
<ownDataTypeParameters>,,</ownDataTypeParameters>
<autoIncrementCycle>false</autoIncrementCycle>
</Column>
<Column name="PHARMACY_ID" id="7102BAF4-1CE4-C1F4-0C88-73CD9324EF15">
<sourceConnName>erd3_erx_19c</sourceConnName>
<sourceObjSchema>INBOUND_NCPDP_MSG</sourceObjSchema>
<sourceObjName>PHARMACY_ID</sourceObjName>
<createdBy>VHAHAMWandlJ</createdBy>
<createdTime>2021-02-17 21:05:44 UTC</createdTime>
<ownerDesignName>eRx Database Model v4</ownerDesignName>
<useDomainConstraints>false</useDomainConstraints>
<use>1</use>
<logicalDatatype>LOGDT019</logicalDatatype>
<defaultValue>0</defaultValue>
<ownDataTypeParameters>,,</ownDataTypeParameters>
<autoIncrementCycle>false</autoIncrementCycle>
<associations>
<colAssociation fkAssociation="C68B986F-F7BF-7BEE-2687-78C6154FD927" referredColumn="6BCBDEE7-2CF5-909A-AD26-060C9FB05297"/>
</associations>
</Column>
<Column name="PATIENT_CHK_STATUS" id="CA6E189A-7B33-DA51-B7A3-0DB2994B3928">
<sourceConnName>erd3_erx_19c</sourceConnName>
<sourceObjSchema>INBOUND_NCPDP_MSG</sourceObjSchema>
<sourceObjName>PATIENT_CHK_STATUS</sourceObjName>
<createdBy>VHAHAMWandlJ</createdBy>
<createdTime>2021-02-17 21:05:44 UTC</createdTime>
<ownerDesignName>eRx Database Model v4</ownerDesignName>
<useDomainConstraints>false</useDomainConstraints>
<use>1</use>
<logicalDatatype>LOGDT024</logicalDatatype>
<dataTypeSize>4 BYTE</dataTypeSize>
<defaultValue>&apos;0000&apos;</defaultValue>
<ownDataTypeParameters>4 BYTE,,</ownDataTypeParameters>
<autoIncrementCycle>false</autoIncrementCycle>
<associations>
<colAssociation fkAssociation="E4562ED9-6EBD-7C52-6D87-077A041382B4" referredColumn="9052936E-92D9-60C3-27BC-618B3652A4C8"/>
</associations>
</Column>
<Column name="PATIENT_MATCH_DETAILS" id="21E1E9E3-1DC8-5C14-6E01-C7A58CFD8D41">
<sourceConnName>erd3_erx_19c</sourceConnName>
<sourceObjSchema>INBOUND_NCPDP_MSG</sourceObjSchema>
<sourceObjName>PATIENT_MATCH_DETAILS</sourceObjName>
<createdBy>VHAHAMWandlJ</createdBy>
<createdTime>2021-02-17 21:05:44 UTC</createdTime>
<ownerDesignName>eRx Database Model v4</ownerDesignName>
<nullsAllowed>true</nullsAllowed>
<useDomainConstraints>false</useDomainConstraints>
<use>1</use>
<logicalDatatype>LOGDT024</logicalDatatype>
<dataTypeSize>2000 BYTE</dataTypeSize>
<ownDataTypeParameters>2000 BYTE,,</ownDataTypeParameters>
<autoIncrementCycle>false</autoIncrementCycle>
</Column>
<Column name="PROVIDER_CHK_STATUS" id="2B77A8C4-8DD6-37FB-D879-F63B3705EDF3">
<sourceConnName>erd3_erx_19c</sourceConnName>
<sourceObjSchema>INBOUND_NCPDP_MSG</sourceObjSchema>
<sourceObjName>PROVIDER_CHK_STATUS</sourceObjName>
<createdBy>VHAHAMWandlJ</createdBy>
<createdTime>2021-02-17 21:05:44 UTC</createdTime>
<ownerDesignName>eRx Database Model v4</ownerDesignName>
<useDomainConstraints>false</useDomainConstraints>
<use>1</use>
<logicalDatatype>LOGDT024</logicalDatatype>
<dataTypeSize>4 BYTE</dataTypeSize>
<defaultValue>&apos;0000&apos;</defaultValue>
<ownDataTypeParameters>4 BYTE,,</ownDataTypeParameters>
<autoIncrementCycle>false</autoIncrementCycle>
<associations>
<colAssociation fkAssociation="E2EC5355-8F4B-F655-871C-6D00C07DEEC0" referredColumn="9052936E-92D9-60C3-27BC-618B3652A4C8"/>
</associations>
</Column>
<Column name="PROVIDER_MATCH_DETAILS" id="0BC5C7A5-74EB-7120-9A25-68EFB353C221">
<sourceConnName>erd3_erx_19c</sourceConnName>
<sourceObjSchema>INBOUND_NCPDP_MSG</sourceObjSchema>
<sourceObjName>PROVIDER_MATCH_DETAILS</sourceObjName>
<createdBy>VHAHAMWandlJ</createdBy>
<createdTime>2021-02-17 21:05:44 UTC</createdTime>
<ownerDesignName>eRx Database Model v4</ownerDesignName>
<nullsAllowed>true</nullsAllowed>
<useDomainConstraints>false</useDomainConstraints>
<use>1</use>
<logicalDatatype>LOGDT024</logicalDatatype>
<dataTypeSize>2000 BYTE</dataTypeSize>
<ownDataTypeParameters>2000 BYTE,,</ownDataTypeParameters>
<autoIncrementCycle>false</autoIncrementCycle>
</Column>
<Column name="DRUG_CHK_STATUS" id="2D0CDDD8-CCB8-06DB-690B-1714FA3599D5">
<sourceConnName>erd3_erx_19c</sourceConnName>
<sourceObjSchema>INBOUND_NCPDP_MSG</sourceObjSchema>
<sourceObjName>DRUG_CHK_STATUS</sourceObjName>
<createdBy>VHAHAMWandlJ</createdBy>
<createdTime>2021-02-17 21:05:44 UTC</createdTime>
<ownerDesignName>eRx Database Model v4</ownerDesignName>
<useDomainConstraints>false</useDomainConstraints>
<use>1</use>
<logicalDatatype>LOGDT024</logicalDatatype>
<dataTypeSize>4 BYTE</dataTypeSize>
<defaultValue>&apos;0000&apos;</defaultValue>
<ownDataTypeParameters>4 BYTE,,</ownDataTypeParameters>
<autoIncrementCycle>false</autoIncrementCycle>
<associations>
<colAssociation fkAssociation="ACE52F0A-18C8-2B55-8ABE-55F0E46C9270" referredColumn="9052936E-92D9-60C3-27BC-618B3652A4C8"/>
</associations>
</Column>
<Column name="DRUG_MATCH_DETAILS" id="11A29D99-4E8F-6CBE-7093-BE5462F524DD">
<sourceConnName>erd3_erx_19c</sourceConnName>
<sourceObjSchema>INBOUND_NCPDP_MSG</sourceObjSchema>
<sourceObjName>DRUG_MATCH_DETAILS</sourceObjName>
<createdBy>VHAHAMWandlJ</createdBy>
<createdTime>2021-02-17 21:05:44 UTC</createdTime>
<ownerDesignName>eRx Database Model v4</ownerDesignName>
<nullsAllowed>true</nullsAllowed>
<useDomainConstraints>false</useDomainConstraints>
<use>1</use>
<logicalDatatype>LOGDT024</logicalDatatype>
<dataTypeSize>2000 BYTE</dataTypeSize>
<ownDataTypeParameters>2000 BYTE,,</ownDataTypeParameters>
<autoIncrementCycle>false</autoIncrementCycle>
</Column>
<Column name="MESSAGE_STATUS" id="47AE759D-3558-FFFA-93AE-10D6558FF23C">
<sourceConnName>erd3_erx_19c</sourceConnName>
<sourceObjSchema>INBOUND_NCPDP_MSG</sourceObjSchema>
<sourceObjName>MESSAGE_STATUS</sourceObjName>
<createdBy>VHAHAMWandlJ</createdBy>
<createdTime>2021-02-17 21:05:44 UTC</createdTime>
<ownerDesignName>eRx Database Model v4</ownerDesignName>
<useDomainConstraints>false</useDomainConstraints>
<use>1</use>
<logicalDatatype>LOGDT024</logicalDatatype>
<dataTypeSize>4 BYTE</dataTypeSize>
<defaultValue>&apos;0000&apos;</defaultValue>
<ownDataTypeParameters>4 BYTE,,</ownDataTypeParameters>
<autoIncrementCycle>false</autoIncrementCycle>
<associations>
<colAssociation fkAssociation="E5E5C809-4D2E-BE81-C781-B6317AD944F7" referredColumn="9052936E-92D9-60C3-27BC-618B3652A4C8"/>
</associations>
</Column>
<Column name="MESSAGE_STATUS_DETAILS" id="A97AF08F-35D3-E62E-8523-C21F97E9EF4C">
<sourceConnName>erd3_erx_19c</sourceConnName>
<sourceObjSchema>INBOUND_NCPDP_MSG</sourceObjSchema>
<sourceObjName>MESSAGE_STATUS_DETAILS</sourceObjName>
<createdBy>VHAHAMWandlJ</createdBy>
<createdTime>2021-02-17 21:05:44 UTC</createdTime>
<ownerDesignName>eRx Database Model v4</ownerDesignName>
<nullsAllowed>true</nullsAllowed>
<useDomainConstraints>false</useDomainConstraints>
<use>1</use>
<logicalDatatype>LOGDT024</logicalDatatype>
<dataTypeSize>2000 BYTE</dataTypeSize>
<ownDataTypeParameters>2000 BYTE,,</ownDataTypeParameters>
<autoIncrementCycle>false</autoIncrementCycle>
</Column>
<Column name="RECEIVED_DATE" id="65B96B84-D9C8-55DD-BE69-5B900708133A">
<sourceConnName>erd3_erx_19c</sourceConnName>
<sourceObjSchema>INBOUND_NCPDP_MSG</sourceObjSchema>
<sourceObjName>RECEIVED_DATE</sourceObjName>
<createdBy>VHAHAMWandlJ</createdBy>
<createdTime>2021-02-17 21:05:44 UTC</createdTime>
<ownerDesignName>eRx Database Model v4</ownerDesignName>
<nullsAllowed>true</nullsAllowed>
<useDomainConstraints>false</useDomainConstraints>
<use>1</use>
<logicalDatatype>LOGDT007</logicalDatatype>
<dataTypeSize>7</dataTypeSize>
<ownDataTypeParameters>7,,</ownDataTypeParameters>
<autoIncrementCycle>false</autoIncrementCycle>
</Column>
<Column name="UPDATED_DATE" id="EE363018-EFE8-E664-2D41-5BEECAC006D8">
<sourceConnName>erd3_erx_19c</sourceConnName>
<sourceObjSchema>INBOUND_NCPDP_MSG</sourceObjSchema>
<sourceObjName>UPDATED_DATE</sourceObjName>
<createdBy>VHAHAMWandlJ</createdBy>
<createdTime>2021-02-17 21:05:44 UTC</createdTime>
<ownerDesignName>eRx Database Model v4</ownerDesignName>
<nullsAllowed>true</nullsAllowed>
<useDomainConstraints>false</useDomainConstraints>
<use>1</use>
<logicalDatatype>LOGDT007</logicalDatatype>
<dataTypeSize>7</dataTypeSize>
<ownDataTypeParameters>7,,</ownDataTypeParameters>
<autoIncrementCycle>false</autoIncrementCycle>
</Column>
<Column name="CREATED_DATE" id="7DF29294-05FB-5907-07E5-5B24C843308E">
<sourceConnName>erd3_erx_19c</sourceConnName>
<sourceObjSchema>INBOUND_NCPDP_MSG</sourceObjSchema>
<sourceObjName>CREATED_DATE</sourceObjName>
<createdBy>VHAHAMWandlJ</createdBy>
<createdTime>2021-02-17 21:05:44 UTC</createdTime>
<ownerDesignName>eRx Database Model v4</ownerDesignName>
<nullsAllowed>true</nullsAllowed>
<useDomainConstraints>false</useDomainConstraints>
<use>1</use>
<logicalDatatype>LOGDT007</logicalDatatype>
<dataTypeSize>7</dataTypeSize>
<ownDataTypeParameters>7,,</ownDataTypeParameters>
<autoIncrementCycle>false</autoIncrementCycle>
</Column>
<Column name="SCRIPT_VERSION" id="EE7867E6-A7AF-7D76-6470-ECC348DADC6C">
<sourceConnName>erd3_erx_19c</sourceConnName>
<sourceObjSchema>INBOUND_NCPDP_MSG</sourceObjSchema>
<sourceObjName>SCRIPT_VERSION</sourceObjName>
<createdBy>VHAHAMWandlJ</createdBy>
<createdTime>2021-02-17 21:05:44 UTC</createdTime>
<ownerDesignName>eRx Database Model v4</ownerDesignName>
<nullsAllowed>true</nullsAllowed>
<useDomainConstraints>false</useDomainConstraints>
<use>1</use>
<logicalDatatype>LOGDT024</logicalDatatype>
<dataTypeSize>10 BYTE</dataTypeSize>
<ownDataTypeParameters>10 BYTE,,</ownDataTypeParameters>
<autoIncrementCycle>false</autoIncrementCycle>
</Column>
</columns>
<indexes itemClass="oracle.dbtools.crest.model.design.relational.Index">
<ind_PK_UK id="E7C3E168-55B0-3571-0639-4BD66ED522AF" name="INBOUND_NCPDP_MSG_PK">
<sourceConnName>erd3_erx_19c</sourceConnName>
<sourceObjSchema>ERX</sourceObjSchema>
<sourceObjName>INBOUND_NCPDP_MSG_PK</sourceObjName>
<createdBy>VHAHAMWandlJ</createdBy>
<createdTime>2021-02-17 21:05:49 UTC</createdTime>
<ownerDesignName>eRx Database Model v4</ownerDesignName>
<pk>true</pk>
<indexState>Primary Constraint</indexState>
<isSurrogateKey>false</isSurrogateKey>
<indexColumnUsage>
<colUsage columnID="BB5D8478-956C-CF81-E8DE-140056B23275"/>
</indexColumnUsage>
</ind_PK_UK>
<ind_PK_UK id="0A090353-67B0-CC51-73BF-A6B5DAC4332D" schemaObject="B30EB6F8-3729-5C21-2C5D-963BAA817587" name="IB_MSG_ID_IDX">
<sourceConnName>erd3_erx_19c</sourceConnName>
<sourceObjSchema>ERX</sourceObjSchema>
<sourceObjName>IB_MSG_ID_IDX</sourceObjName>
<createdBy>VHAHAMWandlJ</createdBy>
<createdTime>2021-02-17 21:05:49 UTC</createdTime>
<ownerDesignName>eRx Database Model v4</ownerDesignName>
<isSurrogateKey>false</isSurrogateKey>
<indexColumnUsage>
<colUsage columnID="64C3F3A6-5A9F-F506-992E-D3FFCD8CE219"/>
</indexColumnUsage>
</ind_PK_UK>
<ind_PK_UK id="894645A2-51C5-E279-91F3-FD5C98EAB2BB" schemaObject="B30EB6F8-3729-5C21-2C5D-963BAA817587" name="IB_MSG_STATUS_IDX">
<sourceConnName>erd3_erx_19c</sourceConnName>
<sourceObjSchema>ERX</sourceObjSchema>
<sourceObjName>IB_MSG_STATUS_IDX</sourceObjName>
<createdBy>VHAHAMWandlJ</createdBy>
<createdTime>2021-02-17 21:05:49 UTC</createdTime>
<ownerDesignName>eRx Database Model v4</ownerDesignName>
<isSurrogateKey>false</isSurrogateKey>
<indexColumnUsage>
<colUsage columnID="47AE759D-3558-FFFA-93AE-10D6558FF23C"/>
</indexColumnUsage>
</ind_PK_UK>
<ind_PK_UK id="3C45D669-0784-07C6-5345-6E717D0C9A0C" schemaObject="B30EB6F8-3729-5C21-2C5D-963BAA817587" name="IB_NCPDP_MSG_PHARMACY_ID_IDX">
<sourceConnName>erd3_erx_19c</sourceConnName>
<sourceObjSchema>ERX</sourceObjSchema>
<sourceObjName>IB_NCPDP_MSG_PHARMACY_ID_IDX</sourceObjName>
<createdBy>VHAHAMWandlJ</createdBy>
<createdTime>2021-02-17 21:05:49 UTC</createdTime>
<ownerDesignName>eRx Database Model v4</ownerDesignName>
<isSurrogateKey>false</isSurrogateKey>
<indexColumnUsage>
<colUsage columnID="7102BAF4-1CE4-C1F4-0C88-73CD9324EF15"/>
</indexColumnUsage>
</ind_PK_UK>
<ind_PK_UK id="17EFC75F-1B58-6A04-ADB7-16DAEE3DBD68" schemaObject="B30EB6F8-3729-5C21-2C5D-963BAA817587" name="IB_NCPDP_MSG_PK">
<sourceConnName>erd3_erx_19c</sourceConnName>
<sourceObjSchema>ERX</sourceObjSchema>
<sourceObjName>IB_NCPDP_MSG_PK</sourceObjName>
<createdBy>VHAHAMWandlJ</createdBy>
<createdTime>2021-02-17 21:05:49 UTC</createdTime>
<ownerDesignName>eRx Database Model v4</ownerDesignName>
<indexState>Unique Plain Index</indexState>
<isSurrogateKey>false</isSurrogateKey>
<indexColumnUsage>
<colUsage columnID="BB5D8478-956C-CF81-E8DE-140056B23275"/>
</indexColumnUsage>
</ind_PK_UK>
<ind_PK_UK id="86C7AC40-53AC-E8FE-568C-7A8B185A0F56" schemaObject="B30EB6F8-3729-5C21-2C5D-963BAA817587" name="IB_REL_TO_MSG_ID_IDX">
<sourceConnName>erd3_erx_19c</sourceConnName>
<sourceObjSchema>ERX</sourceObjSchema>
<sourceObjName>IB_REL_TO_MSG_ID_IDX</sourceObjName>
<createdBy>VHAHAMWandlJ</createdBy>
<createdTime>2021-02-17 21:05:49 UTC</createdTime>
<ownerDesignName>eRx Database Model v4</ownerDesignName>
<isSurrogateKey>false</isSurrogateKey>
<indexColumnUsage>
<colUsage columnID="250940A3-458D-9800-FA3F-1E891E64202E"/>
</indexColumnUsage>
</ind_PK_UK>
<ind_PK_UK id="58012D4E-990E-E2E0-3311-B509FEAD9171" name="IB_NCPDP_MSG_ERX_STATUS_FK">
<createdBy>VHAHAMWandlJ</createdBy>
<createdTime>2021-02-17 21:05:51 UTC</createdTime>
<ownerDesignName>eRx Database Model v4</ownerDesignName>
<indexState>Foreign Key</indexState>
<isSurrogateKey>false</isSurrogateKey>
<indexColumnUsage>
<colUsage columnID="2D0CDDD8-CCB8-06DB-690B-1714FA3599D5"/>
</indexColumnUsage>
</ind_PK_UK>
<ind_PK_UK id="F868C4B3-F5C1-6812-9D9A-E24C9A6AEB20" name="IB_NCPDP_MSG_ERX_STATUS_FK1">
<createdBy>VHAHAMWandlJ</createdBy>
<createdTime>2021-02-17 21:05:51 UTC</createdTime>
<ownerDesignName>eRx Database Model v4</ownerDesignName>
<indexState>Foreign Key</indexState>
<isSurrogateKey>false</isSurrogateKey>
<indexColumnUsage>
<colUsage columnID="CA6E189A-7B33-DA51-B7A3-0DB2994B3928"/>
</indexColumnUsage>
</ind_PK_UK>
<ind_PK_UK id="AA70C3FB-D191-77E8-DC3A-3143981D7A6B" name="IB_NCPDP_MSG_ERX_STATUS_FK2">
<createdBy>VHAHAMWandlJ</createdBy>
<createdTime>2021-02-17 21:05:51 UTC</createdTime>
<ownerDesignName>eRx Database Model v4</ownerDesignName>
<indexState>Foreign Key</indexState>
<isSurrogateKey>false</isSurrogateKey>
<indexColumnUsage>
<colUsage columnID="47AE759D-3558-FFFA-93AE-10D6558FF23C"/>
</indexColumnUsage>
</ind_PK_UK>
<ind_PK_UK id="033C2FAF-7512-4436-527A-F43DA43357C3" name="IB_NCPDP_MSG_ERX_STATUS_FK3">
<createdBy>VHAHAMWandlJ</createdBy>
<createdTime>2021-02-17 21:05:51 UTC</createdTime>
<ownerDesignName>eRx Database Model v4</ownerDesignName>
<indexState>Foreign Key</indexState>
<isSurrogateKey>false</isSurrogateKey>
<indexColumnUsage>
<colUsage columnID="2B77A8C4-8DD6-37FB-D879-F63B3705EDF3"/>
</indexColumnUsage>
</ind_PK_UK>
<ind_PK_UK id="82A595F7-4183-D7D1-26D6-DA5DFD51AEEC" name="IB_NCPDP_MSG_PHARMACY_FK">
<createdBy>VHAHAMWandlJ</createdBy>
<createdTime>2021-02-17 21:05:51 UTC</createdTime>
<ownerDesignName>eRx Database Model v4</ownerDesignName>
<indexState>Foreign Key</indexState>
<isSurrogateKey>false</isSurrogateKey>
<indexColumnUsage>
<colUsage columnID="7102BAF4-1CE4-C1F4-0C88-73CD9324EF15"/>
</indexColumnUsage>
</ind_PK_UK>
</indexes>
</Table>