<?xml version = '1.0' encoding = 'UTF-8'?>
<Table class="oracle.dbtools.crest.model.design.relational.Table" directorySegmentName="seg_0" id="5631E1AD-7690-24E8-19EE-24FBC7E67244" schemaObject="B30EB6F8-3729-5C21-2C5D-963BAA817587" name="ERX_STATUS">
<sourceConnName>erd3_erx_19c</sourceConnName>
<sourceObjSchema>ERX</sourceObjSchema>
<sourceObjName>ERX_STATUS</sourceObjName>
<createdBy>VHAHAMWandlJ</createdBy>
<createdTime>2021-02-17 21:05:43 UTC</createdTime>
<ownerDesignName>eRx Database Model v4</ownerDesignName>
<allowColumnReorder>false</allowColumnReorder>
<existDependencyGenerateInDDl>true</existDependencyGenerateInDDl>
<parsed>true</parsed>
<columns itemClass="oracle.dbtools.crest.model.design.relational.Column">
<Column name="CODE" id="9052936E-92D9-60C3-27BC-618B3652A4C8">
<sourceConnName>erd3_erx_19c</sourceConnName>
<sourceObjSchema>ERX_STATUS</sourceObjSchema>
<sourceObjName>CODE</sourceObjName>
<createdBy>VHAHAMWandlJ</createdBy>
<createdTime>2021-02-17 21:05:44 UTC</createdTime>
<ownerDesignName>eRx Database Model v4</ownerDesignName>
<useDomainConstraints>false</useDomainConstraints>
<use>1</use>
<logicalDatatype>LOGDT024</logicalDatatype>
<dataTypeSize>4 BYTE</dataTypeSize>
<ownDataTypeParameters>4 BYTE,,</ownDataTypeParameters>
<autoIncrementCycle>false</autoIncrementCycle>
</Column>
<Column name="AUTO_CHECK" id="FDE7B5CF-7D61-55B6-42F8-57601B3268D4">
<sourceConnName>erd3_erx_19c</sourceConnName>
<sourceObjSchema>ERX_STATUS</sourceObjSchema>
<sourceObjName>AUTO_CHECK</sourceObjName>
<createdBy>VHAHAMWandlJ</createdBy>
<createdTime>2021-02-17 21:05:44 UTC</createdTime>
<ownerDesignName>eRx Database Model v4</ownerDesignName>
<nullsAllowed>true</nullsAllowed>
<useDomainConstraints>false</useDomainConstraints>
<use>1</use>
<logicalDatatype>LOGDT024</logicalDatatype>
<dataTypeSize>15 BYTE</dataTypeSize>
<ownDataTypeParameters>15 BYTE,,</ownDataTypeParameters>
<autoIncrementCycle>false</autoIncrementCycle>
</Column>
<Column name="CODE_DESCRIPTION" id="102404F3-29F3-A965-2B72-6013A318EE5B">
<sourceConnName>erd3_erx_19c</sourceConnName>
<sourceObjSchema>ERX_STATUS</sourceObjSchema>
<sourceObjName>CODE_DESCRIPTION</sourceObjName>
<createdBy>VHAHAMWandlJ</createdBy>
<createdTime>2021-02-17 21:05:44 UTC</createdTime>
<ownerDesignName>eRx Database Model v4</ownerDesignName>
<nullsAllowed>true</nullsAllowed>
<useDomainConstraints>false</useDomainConstraints>
<use>1</use>
<logicalDatatype>LOGDT024</logicalDatatype>
<dataTypeSize>70 BYTE</dataTypeSize>
<ownDataTypeParameters>70 BYTE,,</ownDataTypeParameters>
<autoIncrementCycle>false</autoIncrementCycle>
</Column>
<Column name="UPDATED_DATE" id="8621A874-55E0-55F9-1FA2-F94BABEE2209">
<sourceConnName>erd3_erx_19c</sourceConnName>
<sourceObjSchema>ERX_STATUS</sourceObjSchema>
<sourceObjName>UPDATED_DATE</sourceObjName>
<createdBy>VHAHAMWandlJ</createdBy>
<createdTime>2021-02-17 21:05:44 UTC</createdTime>
<ownerDesignName>eRx Database Model v4</ownerDesignName>
<nullsAllowed>true</nullsAllowed>
<useDomainConstraints>false</useDomainConstraints>
<use>1</use>
<logicalDatatype>LOGDT007</logicalDatatype>
<dataTypeSize>7</dataTypeSize>
<ownDataTypeParameters>7,,</ownDataTypeParameters>
<autoIncrementCycle>false</autoIncrementCycle>
</Column>
<Column name="CREATED_DATE" id="B268457D-4DA9-5BA9-3F68-EC2B66A3F080">
<sourceConnName>erd3_erx_19c</sourceConnName>
<sourceObjSchema>ERX_STATUS</sourceObjSchema>
<sourceObjName>CREATED_DATE</sourceObjName>
<createdBy>VHAHAMWandlJ</createdBy>
<createdTime>2021-02-17 21:05:44 UTC</createdTime>
<ownerDesignName>eRx Database Model v4</ownerDesignName>
<nullsAllowed>true</nullsAllowed>
<useDomainConstraints>false</useDomainConstraints>
<use>1</use>
<logicalDatatype>LOGDT007</logicalDatatype>
<dataTypeSize>7</dataTypeSize>
<ownDataTypeParameters>7,,</ownDataTypeParameters>
<autoIncrementCycle>false</autoIncrementCycle>
</Column>
</columns>
<indexes itemClass="oracle.dbtools.crest.model.design.relational.Index">
<ind_PK_UK id="3A605784-997F-C17B-0AE7-4710B6B273FB" name="ERX_STATUS_PK">
<sourceConnName>erd3_erx_19c</sourceConnName>
<sourceObjSchema>ERX</sourceObjSchema>
<sourceObjName>ERX_STATUS_PK</sourceObjName>
<createdBy>VHAHAMWandlJ</createdBy>
<createdTime>2021-02-17 21:05:49 UTC</createdTime>
<ownerDesignName>eRx Database Model v4</ownerDesignName>
<pk>true</pk>
<indexState>Primary Constraint</indexState>
<isSurrogateKey>false</isSurrogateKey>
<indexColumnUsage>
<colUsage columnID="9052936E-92D9-60C3-27BC-618B3652A4C8"/>
</indexColumnUsage>
</ind_PK_UK>
<ind_PK_UK id="54866C65-C29B-BF76-D7FB-09417A61B83C" schemaObject="B30EB6F8-3729-5C21-2C5D-963BAA817587" name="ERX_STATUS_PK">
<sourceConnName>erd3_erx_19c</sourceConnName>
<sourceObjSchema>ERX</sourceObjSchema>
<sourceObjName>ERX_STATUS_PK</sourceObjName>
<createdBy>VHAHAMWandlJ</createdBy>
<createdTime>2021-02-17 21:05:48 UTC</createdTime>
<ownerDesignName>eRx Database Model v4</ownerDesignName>
<indexState>Unique Plain Index</indexState>
<isSurrogateKey>false</isSurrogateKey>
<indexColumnUsage>
<colUsage columnID="9052936E-92D9-60C3-27BC-618B3652A4C8"/>
</indexColumnUsage>
</ind_PK_UK>
</indexes>
</Table>