<?xml version = '1.0' encoding = 'UTF-8'?>
<TableSpaceOraclev10g class="oracle.dbtools.crest.model.design.storage.oracle.v10g.TableSpaceOraclev10g" name="ERX_DATA" directorySegmentName="seg_0" id="C9734413-832D-EC42-5E2B-FCB55AC5F3A3">
<sourceConnName>erd3_erx_19c</sourceConnName>
<sourceObjSchema>ERX</sourceObjSchema>
<sourceObjName>ERX_DATA</sourceObjName>
<createdBy>VHAHAMWandlJ</createdBy>
<createdTime>2021-02-17 21:05:43 UTC</createdTime>
<ownerDesignName>eRx Database Model v4</ownerDesignName>
<emUniformSize>0</emUniformSize>
<extentManagement>LOCAL</extentManagement>
</TableSpaceOraclev10g>