<?xml version = '1.0' encoding = 'UTF-8'?>
<FKIndexAssociation class="oracle.dbtools.crest.model.design.relational.FKIndexAssociation" directorySegmentName="seg_0" id="614EFA4B-F6A3-6671-7908-0CAEFF4066BE" containerWithKeyObject="2C15DBC2-E918-C75D-E2EF-BB752248C680" localFKIndex="47C6A3F9-5AAB-2847-D967-91018A39EA7D" name="PHARMACY_USERS_CREATED_FK">
<sourceConnName>erd3_erx_19c</sourceConnName>
<sourceObjSchema>ERX</sourceObjSchema>
<sourceObjName>PHARMACY_USERS_CREATED_FK</sourceObjName>
<createdBy>VHAHAMWandlJ</createdBy>
<createdTime>2021-02-17 21:05:51 UTC</createdTime>
<ownerDesignName>eRx Database Model v4</ownerDesignName>
<referredTableLongName>ERX.VA_USER</referredTableLongName>
<deleteRule>NO ACTION</deleteRule>
<referredTableID>285F5189-04D6-FA54-1D2E-080E59A595AC</referredTableID>
<keyObject>B7BBDB25-AC83-E90B-2201-D8ABC1FAA927</keyObject>
<referredKeyID>B7BBDB25-AC83-E90B-2201-D8ABC1FAA927</referredKeyID>
<mandatory>false</mandatory>
<refColNames>VA_USERID</refColNames>
<transferable>true</transferable>
<rely>false</rely>
<columnDependencyConstraintGenerateInDDL>true</columnDependencyConstraintGenerateInDDL>
</FKIndexAssociation>