<?xml version = '1.0' encoding = 'UTF-8'?>
<FKIndexAssociation class="oracle.dbtools.crest.model.design.relational.FKIndexAssociation" directorySegmentName="seg_0" id="6FCA5FDF-4420-7979-6548-0B6D18619D36" containerWithKeyObject="2C15DBC2-E918-C75D-E2EF-BB752248C680" localFKIndex="AADF3DFF-0664-40F0-2F8D-084DC150ADB8" name="PHARMACY_USERS_UPDATED_FK">
<sourceConnName>erd3_erx_19c</sourceConnName>
<sourceObjSchema>ERX</sourceObjSchema>
<sourceObjName>PHARMACY_USERS_UPDATED_FK</sourceObjName>
<createdBy>VHAHAMWandlJ</createdBy>
<createdTime>2021-02-17 21:05:51 UTC</createdTime>
<ownerDesignName>eRx Database Model v4</ownerDesignName>
<referredTableLongName>ERX.VA_USER</referredTableLongName>
<deleteRule>NO ACTION</deleteRule>
<referredTableID>285F5189-04D6-FA54-1D2E-080E59A595AC</referredTableID>
<keyObject>B7BBDB25-AC83-E90B-2201-D8ABC1FAA927</keyObject>
<referredKeyID>B7BBDB25-AC83-E90B-2201-D8ABC1FAA927</referredKeyID>
<mandatory>false</mandatory>
<refColNames>VA_USERID</refColNames>
<transferable>true</transferable>
<rely>false</rely>
<columnDependencyConstraintGenerateInDDL>true</columnDependencyConstraintGenerateInDDL>
</FKIndexAssociation>