<?xml version = '1.0' encoding = 'UTF-8'?>
<FKIndexAssociation class="oracle.dbtools.crest.model.design.relational.FKIndexAssociation" directorySegmentName="seg_0" id="97EEE90E-4CBA-17D5-AA1B-55D92A464A96" containerWithKeyObject="263238A7-C0B3-24D4-8F5E-8506BB71293E" localFKIndex="E9A83E0A-8EC1-B249-AED7-B257F327DB72" name="OUTBOUND_MSG_ERX_STATUS_FK">
<sourceConnName>erd3_erx_19c</sourceConnName>
<sourceObjSchema>ERX</sourceObjSchema>
<sourceObjName>OUTBOUND_MSG_ERX_STATUS_FK</sourceObjName>
<createdBy>VHAHAMWandlJ</createdBy>
<createdTime>2021-02-17 21:05:51 UTC</createdTime>
<ownerDesignName>eRx Database Model v4</ownerDesignName>
<referredTableLongName>ERX.ERX_STATUS</referredTableLongName>
<deleteRule>NO ACTION</deleteRule>
<referredTableID>5631E1AD-7690-24E8-19EE-24FBC7E67244</referredTableID>
<keyObject>3A605784-997F-C17B-0AE7-4710B6B273FB</keyObject>
<referredKeyID>3A605784-997F-C17B-0AE7-4710B6B273FB</referredKeyID>
<mandatory>true</mandatory>
<refColNames>CODE</refColNames>
<transferable>true</transferable>
<rely>false</rely>
<columnDependencyConstraintGenerateInDDL>true</columnDependencyConstraintGenerateInDDL>
</FKIndexAssociation>