<?xml version = '1.0' encoding = 'UTF-8'?>
<FKIndexAssociation class="oracle.dbtools.crest.model.design.relational.FKIndexAssociation" directorySegmentName="seg_0" id="C68B986F-F7BF-7BEE-2687-78C6154FD927" containerWithKeyObject="437A0196-1944-77DD-F03B-AB8CCD12D000" localFKIndex="82A595F7-4183-D7D1-26D6-DA5DFD51AEEC" name="IB_NCPDP_MSG_PHARMACY_FK">
<sourceConnName>erd3_erx_19c</sourceConnName>
<sourceObjSchema>ERX</sourceObjSchema>
<sourceObjName>IB_NCPDP_MSG_PHARMACY_FK</sourceObjName>
<createdBy>VHAHAMWandlJ</createdBy>
<createdTime>2021-02-17 21:05:51 UTC</createdTime>
<ownerDesignName>eRx Database Model v4</ownerDesignName>
<referredTableLongName>ERX.PHARMACY</referredTableLongName>
<deleteRule>NO ACTION</deleteRule>
<referredTableID>2C15DBC2-E918-C75D-E2EF-BB752248C680</referredTableID>
<keyObject>EA330BD7-7ED7-8275-B59F-79B251E916CC</keyObject>
<referredKeyID>EA330BD7-7ED7-8275-B59F-79B251E916CC</referredKeyID>
<mandatory>true</mandatory>
<refColNames>PHARMACY_ID</refColNames>
<transferable>true</transferable>
<rely>false</rely>
<columnDependencyConstraintGenerateInDDL>true</columnDependencyConstraintGenerateInDDL>
</FKIndexAssociation>