<?xml version = '1.0' encoding = 'UTF-8'?>
<FKIndexAssociation class="oracle.dbtools.crest.model.design.relational.FKIndexAssociation" directorySegmentName="seg_0" id="E4562ED9-6EBD-7C52-6D87-077A041382B4" containerWithKeyObject="437A0196-1944-77DD-F03B-AB8CCD12D000" localFKIndex="F868C4B3-F5C1-6812-9D9A-E24C9A6AEB20" name="IB_NCPDP_MSG_ERX_STATUS_FK1">
<sourceConnName>erd3_erx_19c</sourceConnName>
<sourceObjSchema>ERX</sourceObjSchema>
<sourceObjName>IB_NCPDP_MSG_ERX_STATUS_FK1</sourceObjName>
<createdBy>VHAHAMWandlJ</createdBy>
<createdTime>2021-02-17 21:05:51 UTC</createdTime>
<ownerDesignName>eRx Database Model v4</ownerDesignName>
<referredTableLongName>ERX.ERX_STATUS</referredTableLongName>
<deleteRule>NO ACTION</deleteRule>
<referredTableID>5631E1AD-7690-24E8-19EE-24FBC7E67244</referredTableID>
<keyObject>3A605784-997F-C17B-0AE7-4710B6B273FB</keyObject>
<referredKeyID>3A605784-997F-C17B-0AE7-4710B6B273FB</referredKeyID>
<mandatory>true</mandatory>
<refColNames>CODE</refColNames>
<transferable>true</transferable>
<rely>false</rely>
<columnDependencyConstraintGenerateInDDL>true</columnDependencyConstraintGenerateInDDL>
</FKIndexAssociation>