<?xml version = '1.0' encoding = 'UTF-8'?>
<FKIndexAssociation class="oracle.dbtools.crest.model.design.relational.FKIndexAssociation" directorySegmentName="seg_0" id="E5E5C809-4D2E-BE81-C781-B6317AD944F7" containerWithKeyObject="437A0196-1944-77DD-F03B-AB8CCD12D000" localFKIndex="AA70C3FB-D191-77E8-DC3A-3143981D7A6B" name="IB_NCPDP_MSG_ERX_STATUS_FK2">
<sourceConnName>erd3_erx_19c</sourceConnName>
<sourceObjSchema>ERX</sourceObjSchema>
<sourceObjName>IB_NCPDP_MSG_ERX_STATUS_FK2</sourceObjName>
<createdBy>VHAHAMWandlJ</createdBy>
<createdTime>2021-02-17 21:05:51 UTC</createdTime>
<ownerDesignName>eRx Database Model v4</ownerDesignName>
<referredTableLongName>ERX.ERX_STATUS</referredTableLongName>
<deleteRule>NO ACTION</deleteRule>
<referredTableID>5631E1AD-7690-24E8-19EE-24FBC7E67244</referredTableID>
<keyObject>3A605784-997F-C17B-0AE7-4710B6B273FB</keyObject>
<referredKeyID>3A605784-997F-C17B-0AE7-4710B6B273FB</referredKeyID>
<mandatory>true</mandatory>
<refColNames>CODE</refColNames>
<transferable>true</transferable>
<rely>false</rely>
<columnDependencyConstraintGenerateInDDL>true</columnDependencyConstraintGenerateInDDL>
</FKIndexAssociation>