<?xml version = '1.0' encoding = 'UTF-8'?>
<FKIndexAssociation class="oracle.dbtools.crest.model.design.relational.FKIndexAssociation" directorySegmentName="seg_0" id="EB7E09AD-5513-BF66-E5C7-E78F824C1457" containerWithKeyObject="263238A7-C0B3-24D4-8F5E-8506BB71293E" localFKIndex="14F4084B-E96F-40A8-55A8-E6D10A67F448" name="OUTBOUND_MSG_PHARMACY_ID_FK">
<sourceConnName>erd3_erx_19c</sourceConnName>
<sourceObjSchema>ERX</sourceObjSchema>
<sourceObjName>OUTBOUND_MSG_PHARMACY_ID_FK</sourceObjName>
<createdBy>VHAHAMWandlJ</createdBy>
<createdTime>2021-02-17 21:05:51 UTC</createdTime>
<ownerDesignName>eRx Database Model v4</ownerDesignName>
<referredTableLongName>ERX.PHARMACY</referredTableLongName>
<deleteRule>NO ACTION</deleteRule>
<referredTableID>2C15DBC2-E918-C75D-E2EF-BB752248C680</referredTableID>
<keyObject>EA330BD7-7ED7-8275-B59F-79B251E916CC</keyObject>
<referredKeyID>EA330BD7-7ED7-8275-B59F-79B251E916CC</referredKeyID>
<mandatory>true</mandatory>
<refColNames>PHARMACY_ID</refColNames>
<transferable>true</transferable>
<rely>false</rely>
<columnDependencyConstraintGenerateInDDL>true</columnDependencyConstraintGenerateInDDL>
</FKIndexAssociation>